-- phpMyAdmin SQL Dump
-- version 4.6.6deb4
-- https://www.phpmyadmin.net/
--
-- Host: localhost:3306
-- Creato il: Dic 16, 2017 alle 22:34
-- Versione del server: 10.1.23-MariaDB-9+deb9u1
-- Versione PHP: 7.0.19-1

SET SQL_MODE = "NO_AUTO_VALUE_ON_ZERO";
SET time_zone = "+00:00";


/*!40101 SET @OLD_CHARACTER_SET_CLIENT=@@CHARACTER_SET_CLIENT */;
/*!40101 SET @OLD_CHARACTER_SET_RESULTS=@@CHARACTER_SET_RESULTS */;
/*!40101 SET @OLD_COLLATION_CONNECTION=@@COLLATION_CONNECTION */;
/*!40101 SET NAMES utf8mb4 */;

--
-- Database: `dbeer`
--
CREATE DATABASE IF NOT EXISTS `dbeer` DEFAULT CHARACTER SET utf8 COLLATE utf8_general_ci;
USE `dbeer`;

-- --------------------------------------------------------

--
-- Struttura della tabella `batch`
--

CREATE TABLE `batch` (
  `id` int(10) UNSIGNED NOT NULL,
  `name` varchar(100) DEFAULT NULL
) ENGINE=InnoDB DEFAULT CHARSET=utf8;

--
-- Dump dei dati per la tabella `batch`
--

INSERT INTO `batch` (`id`, `name`) VALUES
(21, 'Amber Ale'),
(22, 'IPA'),
(23, 'Porter'),
(24, 'Weisse'),
(25, 'Oatmeal Stout'),
(26, 'Imperial IPA'),
(27, 'Old Ale'),
(28, 'Fruit beer'),
(29, 'Saison'),
(30, 'Witbier'),
(31, 'Baltic Porter'),
(32, 'Dopperbock'),
(34, 'Bruin'),
(35, 'Munich Helles'),
(36, 'Dubbel'),
(37, 'APA'),
(38, 'APA'),
(39, 'undefined'),
(43, 'Prova birra 1'),
(44, 'Prova birra'),
(45, 'Prova 2'),
(46, 'Mashing 1 !'),
(47, ''),
(48, 'Prova cotta'),
(49, 'Prova fermentazione');

-- --------------------------------------------------------

--
-- Struttura della tabella `bjcp_style`
--

CREATE TABLE `bjcp_style` (
  `id` int(10) UNSIGNED NOT NULL,
  `code` varchar(3) NOT NULL,
  `category_name` varchar(50) NOT NULL,
  `style_name` varchar(50) NOT NULL,
  `style_family` varchar(50) NOT NULL,
  `origin` varchar(50) NOT NULL,
  `abv_min` text NOT NULL,
  `abv_max` text NOT NULL,
  `ibus_min` text NOT NULL,
  `ibus_max` text NOT NULL,
  `srm_min` text NOT NULL,
  `srm_max` text NOT NULL,
  `og_min` text NOT NULL,
  `og_max` text NOT NULL,
  `fg_min` text NOT NULL,
  `fg_max` text NOT NULL,
  `overall_impression` text NOT NULL,
  `aroma` text NOT NULL,
  `appearance` text NOT NULL,
  `flavor` text NOT NULL,
  `mouthfell` text NOT NULL,
  `comments` text NOT NULL,
  `history` text NOT NULL,
  `characteristic_ingredients` text NOT NULL,
  `style_comparison` text NOT NULL,
  `commercial_examples` text NOT NULL,
  `tag` text NOT NULL,
  `lang_id` int(10) UNSIGNED NOT NULL
) ENGINE=InnoDB DEFAULT CHARSET=utf8;

--
-- Dump dei dati per la tabella `bjcp_style`
--

INSERT INTO `bjcp_style` (`id`, `code`, `category_name`, `style_name`, `style_family`, `origin`, `abv_min`, `abv_max`, `ibus_min`, `ibus_max`, `srm_min`, `srm_max`, `og_min`, `og_max`, `fg_min`, `fg_max`, `overall_impression`, `aroma`, `appearance`, `flavor`, `mouthfell`, `comments`, `history`, `characteristic_ingredients`, `style_comparison`, `commercial_examples`, `tag`, `lang_id`) VALUES
(1, '1A', 'Standard American Beer', 'American Light Lager', 'Pale Lager', 'Stati Uniti', '2.8', '4.2', '8', '12', '2.0', '3.0', '1028', '1040', '998', '1008', 'lager molto gasata con corpo leggerissimo senza gusto proprio e da bere molto fredda.\r\nMolto rinfrescante e dissetante.', 'da scarso a nessun aroma di malto, benché possa anche avere un sentore di cereale, di dolce o di\r\nmais (se presente). Aroma da luppolo assente o leggero, con presenza di profumi floreali o di speziati. È\r\ndesiderabile una fermentazione pulita ma è accettabile un basso livello di caratterizzazione del lievito\r\n(fruttato di mela). Pure accettabile è un basso livello di DMS.', 'da paglierino a giallo pallido. Schiuma bianca poco persistente. Molto limpida.', 'relativamente neutra al palato con un finale fresco e secco e sapore appena percettibile di cereale o\r\nmais che può essere percepito come dolce per la bassa luppolatura. Il luppolo varia da nullo a bassi livelli\r\ncon caratteristiche floreali, speziate o erbacee (anche se di rado è abbastanza forte da essere percepito).\r\nL’amaro è molto basso. L’equilibrio generale varia da leggermente maltato a leggermente amaro che in\r\ngenere si equilibrano. Gli alti livelli di carbonazione possono accentuare la freschezza secca del retrogusto.\r\nCarattere pulito da lager.', 'corpo molto leggero, talvolta acquoso. Molto carbonata con sensazioni di frizzantezza sulla lingua.', 'disegnate per incontrare il gusto della grande maggioranza della gente. I sapori forti sono un\r\nerrore.', 'la Coors produsse per un breve periodo una Light Lager nei primi anni ’40. La versione moderna di\r\nquesto stile fu prodotta dalla Rheingold nel 1967 per i bevitori attenti alla dieta. Solo nel 1973 divenne molto\r\npopolare dopo che la Miller Brewing Co. comprò la ricetta e fece una forte campagna pubblicitaria rivolta agli\r\nsportivi con lo slogan “tastes great, less filling” (ha più gusto e riempie meno). Le birre di questo genere\r\ndivennero le più vendute in USA negli anni ’90.', 'orzo distico o esastico con alte percentuali (fino al 40%) di riso o mais come aggiunte. Enzimi\r\naggiunti possono alleggerire ulteriormente il corpo e diminuire la quantità di carboidrati.', 'rispetto ad una American Lager ha un corpo più leggero, meno alcol e meno calorie. Meno\r\ncarattere luppolato e amaro di una Leichtbier.', 'Bud Light, Coors Light, Keystone Light, Michelob Light, Miller Lite, Old Milwaukee\r\nLight', 'session-beer, chiara, bassa fermentazione, lagerizzata, nord-america, stile tradizionale, famiglia lager\r\nchiare, equilibrata.', 1);

-- --------------------------------------------------------

--
-- Struttura della tabella `fermentation_config`
--

CREATE TABLE `fermentation_config` (
  `id` int(10) UNSIGNED NOT NULL,
  `starting_time` timestamp NOT NULL DEFAULT CURRENT_TIMESTAMP,
  `ending_time` timestamp NULL DEFAULT NULL,
  `heater` tinyint(1) DEFAULT NULL,
  `cooler` tinyint(1) DEFAULT NULL
) ENGINE=InnoDB DEFAULT CHARSET=utf8;

--
-- Dump dei dati per la tabella `fermentation_config`
--

INSERT INTO `fermentation_config` (`id`, `starting_time`, `ending_time`, `heater`, `cooler`) VALUES
(1, '2017-12-10 15:36:05', '2017-12-10 15:36:05', NULL, NULL),
(2, '2017-12-10 15:41:25', '2017-12-10 15:41:55', NULL, NULL),
(3, '2017-12-10 15:44:59', '2017-12-10 15:45:11', NULL, NULL),
(4, '2017-12-10 15:53:02', '2017-12-10 15:53:09', NULL, NULL),
(5, '2017-12-10 15:59:13', '2017-12-10 15:59:52', NULL, NULL),
(6, '2017-12-10 16:26:31', '2017-12-10 16:27:08', NULL, NULL),
(7, '2017-12-10 16:32:03', '2017-12-10 16:32:08', NULL, NULL),
(8, '2017-12-10 16:32:19', '2017-12-10 16:32:26', NULL, NULL),
(9, '2017-12-10 16:33:20', '2017-12-10 16:33:32', NULL, NULL),
(10, '2017-12-10 16:33:35', '2017-12-10 16:34:21', NULL, NULL),
(11, '2017-12-10 16:43:53', '2017-12-10 16:44:29', NULL, NULL),
(12, '2017-12-10 19:54:27', '2017-12-10 20:10:13', NULL, NULL),
(19, '2017-12-11 11:10:47', '2017-12-11 11:10:53', NULL, NULL),
(22, '2017-12-12 17:51:28', '2017-12-12 17:53:16', NULL, NULL),
(23, '2017-12-12 17:58:59', '2017-12-12 18:00:54', NULL, NULL),
(24, '2017-12-12 18:07:09', '2017-12-12 18:11:55', NULL, NULL),
(25, '2017-12-12 18:19:46', '2017-12-12 18:24:44', NULL, NULL),
(26, '2017-12-12 18:46:34', '2017-12-12 18:46:58', NULL, NULL),
(27, '2017-12-12 18:47:57', '2017-12-12 18:48:19', NULL, NULL),
(28, '2017-12-12 18:49:50', '2017-12-12 18:50:04', NULL, NULL),
(31, '2017-12-13 14:38:45', '2017-12-13 14:39:11', NULL, NULL),
(34, '2017-12-14 12:59:40', '2017-12-14 13:01:32', 1, 1),
(38, '2017-12-14 15:45:50', '2017-12-14 15:59:02', NULL, NULL),
(40, '2017-12-14 17:50:48', '2017-12-14 17:50:55', NULL, NULL),
(41, '2017-12-14 17:52:17', '2017-12-14 17:52:23', NULL, NULL),
(42, '2017-12-14 17:54:13', '2017-12-14 17:54:19', NULL, NULL),
(43, '2017-12-14 18:00:02', '2017-12-14 18:00:10', NULL, NULL),
(44, '2017-12-14 18:06:33', '2017-12-14 18:07:08', NULL, NULL),
(45, '2017-12-14 18:08:22', '2017-12-14 18:08:31', NULL, NULL),
(49, '2017-12-15 16:38:48', '2017-12-15 16:39:19', NULL, NULL);

-- --------------------------------------------------------

--
-- Struttura della tabella `fermentation_step`
--

CREATE TABLE `fermentation_step` (
  `id` int(10) UNSIGNED NOT NULL,
  `temp_max` decimal(4,1) NOT NULL,
  `temp_min` decimal(4,1) NOT NULL,
  `minutes` int(10) UNSIGNED DEFAULT NULL,
  `step_number` int(10) UNSIGNED NOT NULL
) ENGINE=InnoDB DEFAULT CHARSET=utf8;

--
-- Dump dei dati per la tabella `fermentation_step`
--

INSERT INTO `fermentation_step` (`id`, `temp_max`, `temp_min`, `minutes`, `step_number`) VALUES
(1, '25.0', '24.0', NULL, 1),
(2, '25.0', '18.0', NULL, 1),
(3, '25.0', '18.0', NULL, 1),
(4, '25.0', '18.0', NULL, 1),
(5, '34.5', '32.5', NULL, 1),
(6, '25.0', '18.0', NULL, 1),
(7, '25.0', '18.0', NULL, 1),
(8, '25.0', '18.0', NULL, 1),
(9, '25.0', '18.0', NULL, 1),
(10, '25.0', '18.0', NULL, 1),
(11, '25.0', '16.5', NULL, 1),
(12, '25.0', '18.0', NULL, 1),
(19, '25.0', '18.0', NULL, 1),
(22, '25.0', '18.0', NULL, 1),
(23, '25.0', '18.0', NULL, 1),
(24, '25.0', '18.0', NULL, 1),
(25, '25.0', '18.0', NULL, 1),
(26, '25.0', '18.0', NULL, 1),
(27, '25.0', '18.0', NULL, 1),
(28, '25.0', '18.0', NULL, 1),
(31, '25.0', '18.0', NULL, 1),
(34, '34.5', '18.0', NULL, 1),
(38, '25.0', '18.0', NULL, 1),
(40, '25.0', '18.0', NULL, 1),
(41, '25.0', '18.0', NULL, 1),
(42, '25.0', '18.0', NULL, 1),
(43, '25.0', '18.0', NULL, 1),
(44, '25.0', '18.0', NULL, 1),
(45, '25.0', '18.0', NULL, 1),
(49, '25.0', '18.0', NULL, 1);

-- --------------------------------------------------------

--
-- Struttura della tabella `fermentation_temp`
--

CREATE TABLE `fermentation_temp` (
  `timestamp` timestamp NOT NULL DEFAULT CURRENT_TIMESTAMP,
  `id` int(10) UNSIGNED NOT NULL,
  `temperature` decimal(4,1) NOT NULL,
  `room_temp` decimal(4,1) DEFAULT NULL,
  `heated` tinyint(1) DEFAULT NULL,
  `cooled` tinyint(1) DEFAULT NULL
) ENGINE=InnoDB DEFAULT CHARSET=utf8;

--
-- Dump dei dati per la tabella `fermentation_temp`
--

INSERT INTO `fermentation_temp` (`timestamp`, `id`, `temperature`, `room_temp`, `heated`, `cooled`) VALUES
('2017-12-10 15:36:08', 1, '19.9', NULL, 0, 0),
('2017-12-10 15:36:11', 1, '19.9', NULL, 0, 0),
('2017-12-10 15:36:14', 1, '19.9', NULL, 0, 0),
('2017-12-10 15:36:16', 1, '19.9', NULL, 0, 0),
('2017-12-10 15:36:19', 1, '19.9', NULL, 0, 0),
('2017-12-10 15:36:22', 1, '19.9', NULL, 0, 0),
('2017-12-10 15:36:25', 1, '19.9', NULL, 1, 0),
('2017-12-10 15:36:28', 1, '19.9', NULL, 1, 0),
('2017-12-10 15:36:31', 1, '19.9', NULL, 1, 1),
('2017-12-10 15:36:34', 1, '19.9', NULL, 1, 0),
('2017-12-10 15:36:37', 1, '19.9', NULL, 0, 0),
('2017-12-10 15:36:39', 1, '19.9', NULL, 0, 0),
('2017-12-10 15:36:42', 1, '19.9', NULL, 0, 0),
('2017-12-10 15:36:45', 1, '19.9', NULL, 0, 0),
('2017-12-10 15:36:48', 1, '19.9', NULL, 0, 0),
('2017-12-10 15:36:51', 1, '19.9', NULL, 1, 0),
('2017-12-10 15:36:54', 1, '19.9', NULL, 1, 0),
('2017-12-10 15:36:57', 1, '19.9', NULL, 1, 0),
('2017-12-10 15:37:00', 1, '19.9', NULL, 1, 0),
('2017-12-10 15:37:03', 1, '19.9', NULL, 1, 0),
('2017-12-10 15:37:06', 1, '19.9', NULL, 1, 0),
('2017-12-10 15:37:09', 1, '20.1', NULL, 1, 0),
('2017-12-10 15:37:12', 1, '20.7', NULL, 1, 0),
('2017-12-10 15:37:14', 1, '21.4', NULL, 1, 0),
('2017-12-10 15:37:17', 1, '22.1', NULL, 1, 0),
('2017-12-10 15:37:20', 1, '22.6', NULL, 1, 0),
('2017-12-10 15:37:23', 1, '23.1', NULL, 1, 0),
('2017-12-10 15:37:26', 1, '23.4', NULL, 1, 0),
('2017-12-10 15:37:29', 1, '23.8', NULL, 1, 0),
('2017-12-10 15:37:32', 1, '24.0', NULL, 0, 0),
('2017-12-10 15:37:35', 1, '24.2', NULL, 0, 0),
('2017-12-10 15:37:38', 1, '24.4', NULL, 0, 0),
('2017-12-10 15:41:27', 2, '21.0', NULL, 0, 0),
('2017-12-10 15:41:30', 2, '20.9', NULL, 0, 0),
('2017-12-10 15:41:33', 2, '20.9', NULL, 0, 0),
('2017-12-10 15:41:36', 2, '20.9', NULL, 0, 0),
('2017-12-10 15:41:39', 2, '20.9', NULL, 0, 0),
('2017-12-10 15:41:42', 2, '20.9', NULL, 0, 0),
('2017-12-10 15:41:45', 2, '20.9', NULL, 0, 0),
('2017-12-10 15:41:48', 2, '20.8', NULL, 0, 0),
('2017-12-10 15:41:50', 2, '20.8', NULL, 0, 0),
('2017-12-10 15:41:53', 2, '20.8', NULL, 0, 0),
('2017-12-10 15:45:01', 3, '20.1', NULL, 0, 0),
('2017-12-10 15:45:04', 3, '20.1', NULL, 0, 0),
('2017-12-10 15:45:07', 3, '20.1', NULL, 0, 0),
('2017-12-10 15:45:10', 3, '20.1', NULL, 0, 0),
('2017-12-10 15:53:03', 4, '19.9', NULL, 0, 0),
('2017-12-10 15:53:06', 4, '19.9', NULL, 0, 0),
('2017-12-10 15:53:09', 4, '19.9', NULL, 0, 0),
('2017-12-10 15:59:15', 5, '19.9', NULL, 0, 0),
('2017-12-10 15:59:18', 5, '19.9', NULL, 0, 0),
('2017-12-10 15:59:20', 5, '19.9', NULL, 0, 0),
('2017-12-10 15:59:24', 5, '19.9', NULL, 1, 0),
('2017-12-10 15:59:26', 5, '19.9', NULL, 1, 0),
('2017-12-10 15:59:29', 5, '19.9', NULL, 1, 0),
('2017-12-10 15:59:32', 5, '19.9', NULL, 1, 0),
('2017-12-10 15:59:35', 5, '19.9', NULL, 1, 0),
('2017-12-10 15:59:38', 5, '19.9', NULL, 1, 0),
('2017-12-10 15:59:41', 5, '19.9', NULL, 1, 0),
('2017-12-10 15:59:44', 5, '19.9', NULL, 1, 0),
('2017-12-10 15:59:47', 5, '19.9', NULL, 1, 0),
('2017-12-10 15:59:50', 5, '19.9', NULL, 1, 0),
('2017-12-10 15:59:53', 5, '19.9', NULL, 1, 0),
('2017-12-10 16:26:32', 6, '19.4', NULL, 0, 0),
('2017-12-10 16:26:35', 6, '19.4', NULL, 0, 0),
('2017-12-10 16:26:38', 6, '19.4', NULL, 0, 0),
('2017-12-10 16:26:41', 6, '19.4', NULL, 0, 0),
('2017-12-10 16:26:44', 6, '19.4', NULL, 0, 0),
('2017-12-10 16:26:47', 6, '19.4', NULL, 0, 0),
('2017-12-10 16:26:50', 6, '19.4', NULL, 0, 0),
('2017-12-10 16:26:53', 6, '19.4', NULL, 0, 0),
('2017-12-10 16:26:55', 6, '19.4', NULL, 0, 0),
('2017-12-10 16:26:58', 6, '19.4', NULL, 0, 0),
('2017-12-10 16:27:01', 6, '19.4', NULL, 0, 0),
('2017-12-10 16:27:04', 6, '19.4', NULL, 0, 0),
('2017-12-10 16:27:07', 6, '19.4', NULL, 0, 0),
('2017-12-10 16:32:04', 7, '19.4', NULL, 0, 0),
('2017-12-10 16:32:07', 7, '19.4', NULL, 0, 0),
('2017-12-10 16:32:20', 8, '19.4', NULL, 0, 0),
('2017-12-10 16:32:23', 8, '19.4', NULL, 0, 0),
('2017-12-10 16:32:26', 8, '19.4', NULL, 0, 0),
('2017-12-10 16:33:22', 9, '19.4', NULL, 0, 0),
('2017-12-10 16:33:25', 9, '19.4', NULL, 0, 0),
('2017-12-10 16:33:28', 9, '19.4', NULL, 0, 0),
('2017-12-10 16:33:31', 9, '19.4', NULL, 0, 0),
('2017-12-10 16:33:36', 10, '19.4', NULL, 0, 0),
('2017-12-10 16:33:39', 10, '19.4', NULL, 0, 0),
('2017-12-10 16:33:42', 10, '19.4', NULL, 0, 0),
('2017-12-10 16:33:45', 10, '19.4', NULL, 0, 0),
('2017-12-10 16:33:48', 10, '19.4', NULL, 0, 0),
('2017-12-10 16:33:51', 10, '19.4', NULL, 0, 0),
('2017-12-10 16:33:54', 10, '19.4', NULL, 0, 0),
('2017-12-10 16:33:57', 10, '19.4', NULL, 0, 0),
('2017-12-10 16:34:00', 10, '19.8', NULL, 0, 0),
('2017-12-10 16:34:03', 10, '20.2', NULL, 0, 0),
('2017-12-10 16:34:05', 10, '20.5', NULL, 0, 0),
('2017-12-10 16:34:08', 10, '20.6', NULL, 0, 0),
('2017-12-10 16:34:11', 10, '20.7', NULL, 0, 0),
('2017-12-10 16:34:14', 10, '20.6', NULL, 0, 0),
('2017-12-10 16:34:17', 10, '20.6', NULL, 0, 0),
('2017-12-10 16:34:20', 10, '20.6', NULL, 0, 0),
('2017-12-10 16:43:55', 11, '19.4', NULL, 0, 0),
('2017-12-10 16:43:58', 11, '19.4', NULL, 0, 0),
('2017-12-10 16:44:01', 11, '19.4', NULL, 0, 0),
('2017-12-10 16:44:04', 11, '19.5', NULL, 0, 0),
('2017-12-10 16:44:06', 11, '19.4', NULL, 1, 0),
('2017-12-10 16:44:09', 11, '19.5', NULL, 1, 0),
('2017-12-10 16:44:12', 11, '19.4', NULL, 1, 0),
('2017-12-10 16:44:15', 11, '19.4', NULL, 1, 0),
('2017-12-10 16:44:18', 11, '19.4', NULL, 1, 1),
('2017-12-10 16:44:21', 11, '19.4', NULL, 1, 1),
('2017-12-10 16:44:24', 11, '19.4', NULL, 1, 0),
('2017-12-10 16:44:27', 11, '19.4', NULL, 0, 0),
('2017-12-10 19:54:29', 12, '20.0', NULL, 0, 0),
('2017-12-10 19:54:32', 12, '20.0', NULL, 0, 0),
('2017-12-10 19:54:35', 12, '20.1', NULL, 0, 0),
('2017-12-10 19:54:38', 12, '20.1', NULL, 0, 0),
('2017-12-10 19:54:41', 12, '20.1', NULL, 0, 0),
('2017-12-10 19:54:44', 12, '21.3', NULL, 0, 0),
('2017-12-10 19:54:47', 12, '23.1', NULL, 0, 0),
('2017-12-10 19:54:49', 12, '24.7', NULL, 0, 0),
('2017-12-10 19:54:52', 12, '25.4', NULL, 0, 1),
('2017-12-10 19:54:55', 12, '25.7', NULL, 0, 1),
('2017-12-10 19:54:58', 12, '25.8', NULL, 0, 1),
('2017-12-10 19:55:01', 12, '25.8', NULL, 0, 1),
('2017-12-10 19:55:04', 12, '25.7', NULL, 0, 1),
('2017-12-10 19:55:07', 12, '25.6', NULL, 0, 1),
('2017-12-10 19:55:10', 12, '25.4', NULL, 0, 1),
('2017-12-10 19:55:13', 12, '25.3', NULL, 0, 1),
('2017-12-10 19:55:15', 12, '25.2', NULL, 0, 1),
('2017-12-10 19:55:18', 12, '25.1', NULL, 0, 1),
('2017-12-10 19:55:21', 12, '25.0', NULL, 0, 0),
('2017-12-10 19:55:24', 12, '24.9', NULL, 0, 0),
('2017-12-10 19:55:27', 12, '24.8', NULL, 0, 0),
('2017-12-10 19:55:30', 12, '24.7', NULL, 0, 0),
('2017-12-10 19:55:33', 12, '24.6', NULL, 0, 0),
('2017-12-10 19:55:36', 12, '24.5', NULL, 0, 0),
('2017-12-10 19:55:39', 12, '24.4', NULL, 0, 0),
('2017-12-10 19:55:41', 12, '24.3', NULL, 0, 0),
('2017-12-10 19:55:44', 12, '24.2', NULL, 0, 0),
('2017-12-10 19:55:47', 12, '24.1', NULL, 0, 0),
('2017-12-10 19:55:50', 12, '24.1', NULL, 0, 0),
('2017-12-10 19:55:53', 12, '23.9', NULL, 0, 0),
('2017-12-10 19:55:56', 12, '23.9', NULL, 0, 0),
('2017-12-10 19:55:59', 12, '23.8', NULL, 0, 0),
('2017-12-10 19:56:02', 12, '23.7', NULL, 0, 0),
('2017-12-10 19:56:05', 12, '23.6', NULL, 0, 0),
('2017-12-10 19:56:07', 12, '23.5', NULL, 0, 0),
('2017-12-10 19:56:10', 12, '23.4', NULL, 0, 0),
('2017-12-10 19:56:13', 12, '23.4', NULL, 0, 0),
('2017-12-10 19:56:16', 12, '23.3', NULL, 0, 0),
('2017-12-10 19:56:19', 12, '23.3', NULL, 0, 0),
('2017-12-10 19:56:22', 12, '23.2', NULL, 0, 0),
('2017-12-10 19:56:25', 12, '23.1', NULL, 0, 0),
('2017-12-10 19:56:28', 12, '23.1', NULL, 0, 0),
('2017-12-10 19:56:31', 12, '23.0', NULL, 0, 0),
('2017-12-10 19:56:34', 12, '22.9', NULL, 0, 0),
('2017-12-10 19:56:36', 12, '22.9', NULL, 0, 0),
('2017-12-10 19:56:39', 12, '22.9', NULL, 0, 0),
('2017-12-10 19:56:42', 12, '22.8', NULL, 0, 0),
('2017-12-10 19:56:45', 12, '22.8', NULL, 0, 0),
('2017-12-10 19:56:48', 12, '22.7', NULL, 0, 0),
('2017-12-10 19:56:51', 12, '22.6', NULL, 0, 0),
('2017-12-10 19:56:54', 12, '22.6', NULL, 0, 0),
('2017-12-10 19:56:57', 12, '22.6', NULL, 0, 0),
('2017-12-10 19:56:59', 12, '22.5', NULL, 0, 0),
('2017-12-10 19:57:02', 12, '22.4', NULL, 0, 0),
('2017-12-10 19:57:05', 12, '22.4', NULL, 0, 0),
('2017-12-10 19:57:08', 12, '22.4', NULL, 0, 0),
('2017-12-10 19:57:11', 12, '22.3', NULL, 0, 0),
('2017-12-10 19:57:14', 12, '22.3', NULL, 0, 0),
('2017-12-10 19:57:17', 12, '22.3', NULL, 0, 0),
('2017-12-10 19:57:20', 12, '22.2', NULL, 0, 0),
('2017-12-10 19:57:23', 12, '22.2', NULL, 0, 0),
('2017-12-10 19:57:25', 12, '22.1', NULL, 0, 0),
('2017-12-10 19:57:28', 12, '22.1', NULL, 0, 0),
('2017-12-10 19:57:31', 12, '22.1', NULL, 0, 0),
('2017-12-10 19:57:34', 12, '22.0', NULL, 0, 0),
('2017-12-10 19:57:37', 12, '21.9', NULL, 0, 0),
('2017-12-10 19:57:40', 12, '21.9', NULL, 0, 0),
('2017-12-10 19:57:43', 12, '21.8', NULL, 0, 0),
('2017-12-10 19:57:46', 12, '21.8', NULL, 0, 0),
('2017-12-10 19:57:49', 12, '21.8', NULL, 0, 0),
('2017-12-10 19:57:51', 12, '21.7', NULL, 0, 0),
('2017-12-10 19:57:54', 12, '21.6', NULL, 0, 0),
('2017-12-10 19:57:57', 12, '21.6', NULL, 0, 0),
('2017-12-10 19:58:00', 12, '21.6', NULL, 0, 0),
('2017-12-10 19:58:03', 12, '21.5', NULL, 0, 0),
('2017-12-10 19:58:06', 12, '21.4', NULL, 0, 0),
('2017-12-10 19:58:09', 12, '21.4', NULL, 0, 0),
('2017-12-10 19:58:12', 12, '21.4', NULL, 0, 0),
('2017-12-10 19:58:15', 12, '21.4', NULL, 0, 0),
('2017-12-10 19:58:17', 12, '21.3', NULL, 0, 0),
('2017-12-10 19:58:20', 12, '21.3', NULL, 0, 0),
('2017-12-10 19:58:23', 12, '21.3', NULL, 0, 0),
('2017-12-10 19:58:26', 12, '21.3', NULL, 0, 0),
('2017-12-10 19:58:29', 12, '21.2', NULL, 0, 0),
('2017-12-10 19:58:32', 12, '21.2', NULL, 0, 0),
('2017-12-10 19:58:35', 12, '21.1', NULL, 0, 0),
('2017-12-10 19:58:38', 12, '21.1', NULL, 0, 0),
('2017-12-10 19:58:41', 12, '21.1', NULL, 0, 0),
('2017-12-10 19:58:44', 12, '21.1', NULL, 0, 0),
('2017-12-10 19:58:46', 12, '21.1', NULL, 0, 0),
('2017-12-10 19:58:49', 12, '21.1', NULL, 0, 0),
('2017-12-10 19:58:52', 12, '21.1', NULL, 0, 0),
('2017-12-10 19:58:55', 12, '21.0', NULL, 0, 0),
('2017-12-10 19:58:58', 12, '21.0', NULL, 0, 0),
('2017-12-10 19:59:01', 12, '21.0', NULL, 0, 0),
('2017-12-10 19:59:04', 12, '21.0', NULL, 0, 0),
('2017-12-10 19:59:07', 12, '21.0', NULL, 0, 0),
('2017-12-10 19:59:09', 12, '20.9', NULL, 0, 0),
('2017-12-10 19:59:12', 12, '20.9', NULL, 0, 0),
('2017-12-10 19:59:15', 12, '20.9', NULL, 0, 0),
('2017-12-10 19:59:18', 12, '20.9', NULL, 0, 0),
('2017-12-10 19:59:21', 12, '20.9', NULL, 0, 0),
('2017-12-10 19:59:24', 12, '20.9', NULL, 0, 0),
('2017-12-10 19:59:27', 12, '20.9', NULL, 0, 0),
('2017-12-10 19:59:30', 12, '20.9', NULL, 0, 0),
('2017-12-10 19:59:33', 12, '20.9', NULL, 0, 0),
('2017-12-10 19:59:36', 12, '20.8', NULL, 0, 0),
('2017-12-10 19:59:38', 12, '20.8', NULL, 0, 0),
('2017-12-10 19:59:41', 12, '20.8', NULL, 0, 0),
('2017-12-10 19:59:44', 12, '20.8', NULL, 0, 0),
('2017-12-10 19:59:47', 12, '20.8', NULL, 0, 0),
('2017-12-10 19:59:50', 12, '20.8', NULL, 0, 0),
('2017-12-10 19:59:53', 12, '20.8', NULL, 0, 0),
('2017-12-10 19:59:56', 12, '20.8', NULL, 0, 0),
('2017-12-10 19:59:59', 12, '20.8', NULL, 0, 0),
('2017-12-10 20:00:02', 12, '20.7', NULL, 0, 0),
('2017-12-10 20:00:04', 12, '20.7', NULL, 0, 0),
('2017-12-10 20:00:07', 12, '20.7', NULL, 0, 0),
('2017-12-10 20:00:10', 12, '20.7', NULL, 0, 0),
('2017-12-10 20:00:13', 12, '20.7', NULL, 0, 0),
('2017-12-10 20:00:16', 12, '20.7', NULL, 0, 0),
('2017-12-10 20:00:19', 12, '20.7', NULL, 0, 0),
('2017-12-10 20:00:22', 12, '20.7', NULL, 0, 0),
('2017-12-10 20:00:25', 12, '20.6', NULL, 0, 0),
('2017-12-10 20:00:28', 12, '20.6', NULL, 0, 0),
('2017-12-10 20:00:31', 12, '20.6', NULL, 0, 0),
('2017-12-10 20:00:34', 12, '20.6', NULL, 0, 0),
('2017-12-10 20:00:37', 12, '20.6', NULL, 0, 0),
('2017-12-10 20:00:40', 12, '20.6', NULL, 0, 0),
('2017-12-10 20:00:43', 12, '20.6', NULL, 0, 0),
('2017-12-10 20:00:45', 12, '20.6', NULL, 0, 0),
('2017-12-10 20:00:48', 12, '20.6', NULL, 0, 0),
('2017-12-10 20:00:51', 12, '20.6', NULL, 0, 0),
('2017-12-10 20:00:54', 12, '20.6', NULL, 0, 0),
('2017-12-10 20:00:57', 12, '20.6', NULL, 0, 0),
('2017-12-10 20:01:00', 12, '20.6', NULL, 0, 0),
('2017-12-10 20:01:03', 12, '20.6', NULL, 0, 0),
('2017-12-10 20:01:06', 12, '20.5', NULL, 0, 0),
('2017-12-10 20:01:09', 12, '20.5', NULL, 0, 0),
('2017-12-10 20:01:12', 12, '20.5', NULL, 0, 0),
('2017-12-10 20:01:15', 12, '20.5', NULL, 0, 0),
('2017-12-10 20:01:17', 12, '20.5', NULL, 0, 0),
('2017-12-10 20:01:20', 12, '20.5', NULL, 0, 0),
('2017-12-10 20:01:23', 12, '20.5', NULL, 0, 0),
('2017-12-10 20:01:26', 12, '20.5', NULL, 0, 0),
('2017-12-10 20:01:29', 12, '20.5', NULL, 0, 0),
('2017-12-10 20:01:32', 12, '20.4', NULL, 0, 0),
('2017-12-10 20:01:35', 12, '20.4', NULL, 0, 0),
('2017-12-10 20:01:38', 12, '20.4', NULL, 0, 0),
('2017-12-10 20:01:40', 12, '20.4', NULL, 0, 0),
('2017-12-10 20:01:43', 12, '20.4', NULL, 0, 0),
('2017-12-10 20:01:46', 12, '20.4', NULL, 0, 0),
('2017-12-10 20:01:49', 12, '20.4', NULL, 0, 0),
('2017-12-10 20:01:52', 12, '20.4', NULL, 0, 0),
('2017-12-10 20:01:55', 12, '20.4', NULL, 0, 0),
('2017-12-10 20:01:58', 12, '20.4', NULL, 0, 0),
('2017-12-10 20:02:01', 12, '20.4', NULL, 0, 0),
('2017-12-10 20:02:04', 12, '20.4', NULL, 0, 0),
('2017-12-10 20:02:06', 12, '20.4', NULL, 0, 0),
('2017-12-10 20:02:09', 12, '20.4', NULL, 0, 0),
('2017-12-10 20:02:12', 12, '20.4', NULL, 0, 0),
('2017-12-10 20:02:15', 12, '20.4', NULL, 0, 0),
('2017-12-10 20:02:18', 12, '20.4', NULL, 0, 0),
('2017-12-10 20:02:21', 12, '20.4', NULL, 0, 0),
('2017-12-10 20:02:24', 12, '20.4', NULL, 0, 0),
('2017-12-10 20:02:27', 12, '20.3', NULL, 0, 0),
('2017-12-10 20:02:30', 12, '20.3', NULL, 0, 0),
('2017-12-10 20:02:32', 12, '20.3', NULL, 0, 0),
('2017-12-10 20:02:35', 12, '20.3', NULL, 0, 0),
('2017-12-10 20:02:38', 12, '20.3', NULL, 0, 0),
('2017-12-10 20:02:41', 12, '20.3', NULL, 0, 0),
('2017-12-10 20:02:44', 12, '20.3', NULL, 0, 0),
('2017-12-10 20:02:47', 12, '20.3', NULL, 0, 0),
('2017-12-10 20:02:50', 12, '20.3', NULL, 0, 0),
('2017-12-10 20:02:53', 12, '20.3', NULL, 0, 0),
('2017-12-10 20:02:56', 12, '20.3', NULL, 0, 0),
('2017-12-10 20:02:58', 12, '20.3', NULL, 0, 0),
('2017-12-10 20:03:01', 12, '20.3', NULL, 0, 0),
('2017-12-10 20:03:04', 12, '20.3', NULL, 0, 0),
('2017-12-10 20:03:07', 12, '20.3', NULL, 0, 0),
('2017-12-10 20:03:10', 12, '20.3', NULL, 0, 0),
('2017-12-10 20:03:13', 12, '20.3', NULL, 0, 0),
('2017-12-10 20:03:16', 12, '20.3', NULL, 0, 0),
('2017-12-10 20:03:19', 12, '20.3', NULL, 0, 0),
('2017-12-10 20:03:22', 12, '20.3', NULL, 0, 0),
('2017-12-10 20:03:24', 12, '20.3', NULL, 0, 0),
('2017-12-10 20:03:27', 12, '20.3', NULL, 0, 0),
('2017-12-10 20:03:30', 12, '20.3', NULL, 0, 0),
('2017-12-10 20:03:33', 12, '20.3', NULL, 0, 0),
('2017-12-10 20:03:36', 12, '20.3', NULL, 0, 0),
('2017-12-10 20:03:39', 12, '20.2', NULL, 0, 0),
('2017-12-10 20:03:42', 12, '20.2', NULL, 0, 0),
('2017-12-10 20:03:45', 12, '20.2', NULL, 0, 0),
('2017-12-10 20:03:48', 12, '20.2', NULL, 0, 0),
('2017-12-10 20:03:51', 12, '20.2', NULL, 0, 0),
('2017-12-10 20:03:53', 12, '20.2', NULL, 0, 0),
('2017-12-10 20:03:56', 12, '20.2', NULL, 0, 0),
('2017-12-10 20:03:59', 12, '20.2', NULL, 0, 0),
('2017-12-10 20:04:02', 12, '20.2', NULL, 0, 0),
('2017-12-10 20:04:05', 12, '20.2', NULL, 0, 0),
('2017-12-10 20:04:08', 12, '20.2', NULL, 0, 0),
('2017-12-10 20:04:11', 12, '20.2', NULL, 0, 0),
('2017-12-10 20:04:14', 12, '20.2', NULL, 0, 0),
('2017-12-10 20:04:17', 12, '20.2', NULL, 0, 0),
('2017-12-10 20:04:19', 12, '20.2', NULL, 0, 0),
('2017-12-10 20:04:22', 12, '20.2', NULL, 0, 0),
('2017-12-10 20:04:25', 12, '20.2', NULL, 0, 0),
('2017-12-10 20:04:28', 12, '20.2', NULL, 0, 0),
('2017-12-10 20:04:31', 12, '20.2', NULL, 0, 0),
('2017-12-10 20:04:34', 12, '20.2', NULL, 0, 0),
('2017-12-10 20:04:37', 12, '20.2', NULL, 0, 0),
('2017-12-10 20:04:40', 12, '20.1', NULL, 0, 0),
('2017-12-10 20:04:43', 12, '20.2', NULL, 0, 0),
('2017-12-10 20:04:46', 12, '20.2', NULL, 0, 0),
('2017-12-10 20:04:49', 12, '20.2', NULL, 0, 0),
('2017-12-10 20:04:52', 12, '20.2', NULL, 0, 0),
('2017-12-10 20:04:54', 12, '20.1', NULL, 0, 0),
('2017-12-10 20:04:57', 12, '20.1', NULL, 0, 0),
('2017-12-10 20:05:00', 12, '20.1', NULL, 0, 0),
('2017-12-10 20:05:03', 12, '20.1', NULL, 0, 0),
('2017-12-10 20:05:06', 12, '20.1', NULL, 0, 0),
('2017-12-10 20:05:09', 12, '20.1', NULL, 0, 0),
('2017-12-10 20:05:12', 12, '20.1', NULL, 0, 0),
('2017-12-10 20:05:15', 12, '20.1', NULL, 0, 0),
('2017-12-10 20:05:18', 12, '20.1', NULL, 0, 0),
('2017-12-10 20:05:20', 12, '20.1', NULL, 0, 0),
('2017-12-10 20:05:23', 12, '20.1', NULL, 0, 0),
('2017-12-10 20:05:26', 12, '20.1', NULL, 0, 0),
('2017-12-10 20:05:29', 12, '20.1', NULL, 0, 0),
('2017-12-10 20:05:32', 12, '20.1', NULL, 0, 0),
('2017-12-10 20:05:35', 12, '20.1', NULL, 0, 0),
('2017-12-10 20:05:38', 12, '20.1', NULL, 0, 0),
('2017-12-10 20:05:41', 12, '20.1', NULL, 0, 0),
('2017-12-10 20:05:44', 12, '20.1', NULL, 0, 0),
('2017-12-10 20:05:47', 12, '20.1', NULL, 0, 0),
('2017-12-10 20:05:49', 12, '20.1', NULL, 0, 0),
('2017-12-10 20:05:52', 12, '20.1', NULL, 0, 0),
('2017-12-10 20:05:55', 12, '20.1', NULL, 0, 0),
('2017-12-10 20:05:58', 12, '20.1', NULL, 0, 0),
('2017-12-10 20:06:01', 12, '20.1', NULL, 0, 0),
('2017-12-10 20:06:04', 12, '20.1', NULL, 0, 0),
('2017-12-10 20:06:07', 12, '20.1', NULL, 0, 0),
('2017-12-10 20:06:10', 12, '20.1', NULL, 0, 0),
('2017-12-10 20:06:13', 12, '20.1', NULL, 0, 0),
('2017-12-10 20:06:15', 12, '20.1', NULL, 0, 0),
('2017-12-10 20:06:18', 12, '20.1', NULL, 0, 0),
('2017-12-10 20:06:21', 12, '20.1', NULL, 0, 0),
('2017-12-10 20:06:24', 12, '20.1', NULL, 0, 0),
('2017-12-10 20:06:27', 12, '20.1', NULL, 0, 0),
('2017-12-10 20:06:30', 12, '20.1', NULL, 0, 0),
('2017-12-10 20:06:33', 12, '20.1', NULL, 0, 0),
('2017-12-10 20:06:36', 12, '20.1', NULL, 0, 0),
('2017-12-10 20:06:39', 12, '20.1', NULL, 0, 0),
('2017-12-10 20:06:41', 12, '20.1', NULL, 0, 0),
('2017-12-10 20:06:44', 12, '20.1', NULL, 0, 0),
('2017-12-10 20:06:47', 12, '20.1', NULL, 0, 0),
('2017-12-10 20:06:50', 12, '20.1', NULL, 0, 0),
('2017-12-10 20:06:53', 12, '20.1', NULL, 0, 0),
('2017-12-10 20:06:56', 12, '20.1', NULL, 0, 0),
('2017-12-10 20:06:59', 12, '20.1', NULL, 0, 0),
('2017-12-10 20:07:02', 12, '20.1', NULL, 0, 0),
('2017-12-10 20:07:05', 12, '20.1', NULL, 0, 0),
('2017-12-10 20:07:07', 12, '20.1', NULL, 0, 0),
('2017-12-10 20:07:10', 12, '20.1', NULL, 0, 0),
('2017-12-10 20:07:13', 12, '20.1', NULL, 0, 0),
('2017-12-10 20:07:16', 12, '20.1', NULL, 0, 0),
('2017-12-10 20:07:19', 12, '20.1', NULL, 0, 0),
('2017-12-10 20:07:22', 12, '20.1', NULL, 0, 0),
('2017-12-10 20:07:25', 12, '20.1', NULL, 0, 0),
('2017-12-10 20:07:28', 12, '20.1', NULL, 0, 0),
('2017-12-10 20:07:31', 12, '20.1', NULL, 0, 0),
('2017-12-10 20:07:33', 12, '20.1', NULL, 0, 0),
('2017-12-10 20:07:36', 12, '20.1', NULL, 0, 0),
('2017-12-10 20:07:39', 12, '20.1', NULL, 0, 0),
('2017-12-10 20:07:42', 12, '20.1', NULL, 0, 0),
('2017-12-10 20:07:45', 12, '20.1', NULL, 0, 0),
('2017-12-10 20:07:48', 12, '20.1', NULL, 0, 0),
('2017-12-10 20:07:51', 12, '20.1', NULL, 0, 0),
('2017-12-10 20:07:54', 12, '20.1', NULL, 0, 0),
('2017-12-10 20:07:57', 12, '20.1', NULL, 0, 0),
('2017-12-10 20:07:59', 12, '20.1', NULL, 0, 0),
('2017-12-10 20:08:02', 12, '20.1', NULL, 0, 0),
('2017-12-10 20:08:05', 12, '20.1', NULL, 0, 0),
('2017-12-10 20:08:08', 12, '20.1', NULL, 0, 0),
('2017-12-10 20:08:11', 12, '20.1', NULL, 0, 0),
('2017-12-10 20:08:14', 12, '20.1', NULL, 0, 0),
('2017-12-10 20:08:17', 12, '20.1', NULL, 0, 0),
('2017-12-10 20:08:20', 12, '20.1', NULL, 0, 0),
('2017-12-10 20:08:23', 12, '20.1', NULL, 0, 0),
('2017-12-10 20:08:25', 12, '20.1', NULL, 0, 0),
('2017-12-10 20:08:28', 12, '20.1', NULL, 0, 0),
('2017-12-10 20:08:31', 12, '20.1', NULL, 0, 0),
('2017-12-10 20:08:34', 12, '20.1', NULL, 0, 0),
('2017-12-10 20:08:37', 12, '20.1', NULL, 0, 0),
('2017-12-10 20:08:40', 12, '20.1', NULL, 0, 0),
('2017-12-10 20:08:43', 12, '20.1', NULL, 0, 0),
('2017-12-10 20:08:46', 12, '20.1', NULL, 0, 0),
('2017-12-10 20:08:49', 12, '20.1', NULL, 0, 0),
('2017-12-10 20:08:52', 12, '20.1', NULL, 0, 0),
('2017-12-10 20:08:54', 12, '20.1', NULL, 0, 0),
('2017-12-10 20:08:57', 12, '20.1', NULL, 0, 0),
('2017-12-10 20:09:00', 12, '20.1', NULL, 0, 0),
('2017-12-10 20:09:03', 12, '20.0', NULL, 0, 0),
('2017-12-10 20:09:06', 12, '20.0', NULL, 0, 0),
('2017-12-10 20:09:09', 12, '20.0', NULL, 0, 0),
('2017-12-10 20:09:12', 12, '20.0', NULL, 0, 0),
('2017-12-10 20:09:15', 12, '20.1', NULL, 0, 0),
('2017-12-10 20:09:17', 12, '20.0', NULL, 0, 0),
('2017-12-10 20:09:20', 12, '20.0', NULL, 0, 0),
('2017-12-10 20:09:23', 12, '20.0', NULL, 0, 0),
('2017-12-10 20:09:26', 12, '20.0', NULL, 0, 0),
('2017-12-10 20:09:29', 12, '20.0', NULL, 0, 0),
('2017-12-10 20:09:32', 12, '20.0', NULL, 0, 0),
('2017-12-10 20:09:35', 12, '20.0', NULL, 0, 0),
('2017-12-10 20:09:38', 12, '20.0', NULL, 0, 0),
('2017-12-10 20:09:41', 12, '20.0', NULL, 0, 0),
('2017-12-10 20:09:44', 12, '20.0', NULL, 0, 0),
('2017-12-10 20:09:47', 12, '20.0', NULL, 0, 0),
('2017-12-10 20:09:49', 12, '20.0', NULL, 0, 0),
('2017-12-10 20:09:52', 12, '20.0', NULL, 0, 0),
('2017-12-10 20:09:55', 12, '20.0', NULL, 0, 0),
('2017-12-10 20:09:58', 12, '20.0', NULL, 0, 0),
('2017-12-10 20:10:01', 12, '20.0', NULL, 0, 0),
('2017-12-10 20:10:04', 12, '20.0', NULL, 0, 0),
('2017-12-10 20:10:07', 12, '20.0', NULL, 0, 0),
('2017-12-10 20:10:10', 12, '20.0', NULL, 0, 0),
('2017-12-10 20:10:13', 12, '20.0', NULL, 0, 0),
('2017-12-11 11:10:49', 19, '19.9', NULL, 0, 0),
('2017-12-11 11:10:52', 19, '19.9', NULL, 0, 0),
('2017-12-12 17:51:30', 22, '20.1', NULL, 0, 0),
('2017-12-12 17:51:33', 22, '20.1', NULL, 0, 0),
('2017-12-12 17:51:36', 22, '20.1', NULL, 0, 0),
('2017-12-12 17:51:39', 22, '20.1', NULL, 0, 0),
('2017-12-12 17:51:42', 22, '20.1', NULL, 0, 0),
('2017-12-12 17:51:45', 22, '20.1', NULL, 0, 0),
('2017-12-12 17:51:48', 22, '20.1', NULL, 0, 0),
('2017-12-12 17:51:51', 22, '20.1', NULL, 0, 0),
('2017-12-12 17:51:54', 22, '20.1', NULL, 0, 0),
('2017-12-12 17:51:56', 22, '20.1', NULL, 0, 0),
('2017-12-12 17:51:59', 22, '20.1', NULL, 0, 0),
('2017-12-12 17:52:02', 22, '20.1', NULL, 0, 0),
('2017-12-12 17:52:05', 22, '20.1', NULL, 0, 0),
('2017-12-12 17:52:08', 22, '20.1', NULL, 0, 0),
('2017-12-12 17:52:11', 22, '20.1', NULL, 0, 0),
('2017-12-12 17:52:14', 22, '20.1', NULL, 0, 0),
('2017-12-12 17:52:17', 22, '20.1', NULL, 0, 0),
('2017-12-12 17:52:20', 22, '20.1', NULL, 0, 0),
('2017-12-12 17:52:23', 22, '20.1', NULL, 0, 0),
('2017-12-12 17:52:25', 22, '20.1', NULL, 0, 0),
('2017-12-12 17:52:28', 22, '20.1', NULL, 0, 0),
('2017-12-12 17:52:31', 22, '20.1', NULL, 0, 0),
('2017-12-12 17:52:34', 22, '20.1', NULL, 0, 0),
('2017-12-12 17:52:37', 22, '20.1', NULL, 0, 0),
('2017-12-12 17:52:40', 22, '20.1', NULL, 0, 0),
('2017-12-12 17:52:43', 22, '20.1', NULL, 0, 0),
('2017-12-12 17:52:46', 22, '20.1', NULL, 0, 0),
('2017-12-12 17:52:49', 22, '20.1', NULL, 0, 0),
('2017-12-12 17:52:52', 22, '20.1', NULL, 0, 0),
('2017-12-12 17:52:54', 22, '20.1', NULL, 0, 0),
('2017-12-12 17:52:57', 22, '20.1', NULL, 0, 0),
('2017-12-12 17:53:00', 22, '20.1', NULL, 0, 0),
('2017-12-12 17:53:03', 22, '20.1', NULL, 0, 0),
('2017-12-12 17:53:06', 22, '20.1', NULL, 0, 0),
('2017-12-12 17:53:09', 22, '20.1', NULL, 0, 0),
('2017-12-12 17:53:12', 22, '20.1', NULL, 0, 0),
('2017-12-12 17:53:15', 22, '20.1', NULL, 0, 0),
('2017-12-12 17:59:01', 23, '20.1', NULL, 0, 0),
('2017-12-12 17:59:04', 23, '20.1', NULL, 0, 0),
('2017-12-12 17:59:07', 23, '20.1', NULL, 0, 0),
('2017-12-12 17:59:10', 23, '20.1', NULL, 0, 0),
('2017-12-12 17:59:13', 23, '20.1', NULL, 0, 0),
('2017-12-12 17:59:16', 23, '20.1', NULL, 0, 0),
('2017-12-12 17:59:18', 23, '20.1', NULL, 0, 0),
('2017-12-12 17:59:21', 23, '20.1', NULL, 0, 0),
('2017-12-12 17:59:24', 23, '20.1', NULL, 0, 0),
('2017-12-12 17:59:27', 23, '20.2', NULL, 0, 0),
('2017-12-12 17:59:30', 23, '20.2', NULL, 0, 0),
('2017-12-12 17:59:33', 23, '20.2', NULL, 0, 0),
('2017-12-12 17:59:36', 23, '20.2', NULL, 0, 0),
('2017-12-12 17:59:39', 23, '20.2', NULL, 0, 0),
('2017-12-12 17:59:42', 23, '20.2', NULL, 0, 0),
('2017-12-12 17:59:45', 23, '20.2', NULL, 0, 0),
('2017-12-12 17:59:48', 23, '20.2', NULL, 0, 0),
('2017-12-12 17:59:50', 23, '20.1', NULL, 0, 0),
('2017-12-12 17:59:53', 23, '20.2', NULL, 0, 0),
('2017-12-12 17:59:56', 23, '20.2', NULL, 0, 0),
('2017-12-12 17:59:59', 23, '20.2', NULL, 0, 0),
('2017-12-12 18:00:02', 23, '20.2', NULL, 0, 0),
('2017-12-12 18:00:05', 23, '20.2', NULL, 0, 0),
('2017-12-12 18:00:08', 23, '20.2', NULL, 0, 0),
('2017-12-12 18:00:11', 23, '20.2', NULL, 0, 0),
('2017-12-12 18:00:13', 23, '20.2', NULL, 0, 0),
('2017-12-12 18:00:16', 23, '20.2', NULL, 0, 0),
('2017-12-12 18:00:19', 23, '20.2', NULL, 0, 0),
('2017-12-12 18:00:22', 23, '20.2', NULL, 0, 0),
('2017-12-12 18:00:25', 23, '20.2', NULL, 0, 0),
('2017-12-12 18:00:28', 23, '20.2', NULL, 0, 0),
('2017-12-12 18:00:31', 23, '20.2', NULL, 0, 0),
('2017-12-12 18:00:34', 23, '20.2', NULL, 0, 0),
('2017-12-12 18:00:36', 23, '20.2', NULL, 0, 0),
('2017-12-12 18:00:39', 23, '20.1', NULL, 0, 0),
('2017-12-12 18:00:42', 23, '20.2', NULL, 0, 0),
('2017-12-12 18:00:45', 23, '20.2', NULL, 0, 0),
('2017-12-12 18:00:48', 23, '20.2', NULL, 0, 0),
('2017-12-12 18:00:51', 23, '20.2', NULL, 0, 0),
('2017-12-12 18:00:54', 23, '20.2', NULL, 0, 0),
('2017-12-12 18:07:10', 24, '20.2', NULL, 0, 0),
('2017-12-12 18:07:13', 24, '20.2', NULL, 0, 0),
('2017-12-12 18:07:16', 24, '20.2', NULL, 0, 0),
('2017-12-12 18:07:19', 24, '20.2', NULL, 0, 0),
('2017-12-12 18:07:22', 24, '20.2', NULL, 0, 0),
('2017-12-12 18:07:25', 24, '20.2', NULL, 0, 0),
('2017-12-12 18:07:28', 24, '20.2', NULL, 0, 0),
('2017-12-12 18:07:31', 24, '20.2', NULL, 0, 0),
('2017-12-12 18:07:34', 24, '20.2', NULL, 0, 0),
('2017-12-12 18:07:36', 24, '20.2', NULL, 0, 0),
('2017-12-12 18:07:39', 24, '20.2', NULL, 0, 0),
('2017-12-12 18:07:42', 24, '20.2', NULL, 0, 0),
('2017-12-12 18:07:45', 24, '20.2', NULL, 0, 0),
('2017-12-12 18:07:48', 24, '20.2', NULL, 0, 0),
('2017-12-12 18:07:51', 24, '20.2', NULL, 0, 0),
('2017-12-12 18:07:54', 24, '20.2', NULL, 0, 0),
('2017-12-12 18:07:57', 24, '20.2', NULL, 0, 0),
('2017-12-12 18:08:00', 24, '20.1', NULL, 0, 0),
('2017-12-12 18:08:02', 24, '20.2', NULL, 0, 0),
('2017-12-12 18:08:05', 24, '20.2', NULL, 0, 0),
('2017-12-12 18:08:08', 24, '20.2', NULL, 0, 0),
('2017-12-12 18:08:11', 24, '20.2', NULL, 0, 0),
('2017-12-12 18:08:14', 24, '20.2', NULL, 0, 0),
('2017-12-12 18:08:17', 24, '20.1', NULL, 0, 0),
('2017-12-12 18:08:20', 24, '20.2', NULL, 0, 0),
('2017-12-12 18:08:23', 24, '20.1', NULL, 0, 0),
('2017-12-12 18:08:26', 24, '20.2', NULL, 0, 0),
('2017-12-12 18:08:29', 24, '20.1', NULL, 0, 0),
('2017-12-12 18:08:32', 24, '20.2', NULL, 0, 0),
('2017-12-12 18:08:34', 24, '20.1', NULL, 0, 0),
('2017-12-12 18:08:37', 24, '20.1', NULL, 0, 0),
('2017-12-12 18:08:40', 24, '20.1', NULL, 0, 0),
('2017-12-12 18:08:43', 24, '20.1', NULL, 0, 0),
('2017-12-12 18:08:46', 24, '20.1', NULL, 0, 0),
('2017-12-12 18:08:49', 24, '20.1', NULL, 0, 0),
('2017-12-12 18:08:52', 24, '20.1', NULL, 0, 0),
('2017-12-12 18:08:55', 24, '20.1', NULL, 0, 0),
('2017-12-12 18:08:58', 24, '20.1', NULL, 0, 0),
('2017-12-12 18:09:00', 24, '20.1', NULL, 0, 0),
('2017-12-12 18:09:03', 24, '20.1', NULL, 0, 0),
('2017-12-12 18:09:06', 24, '20.1', NULL, 0, 0),
('2017-12-12 18:09:09', 24, '20.1', NULL, 0, 0),
('2017-12-12 18:09:12', 24, '20.1', NULL, 0, 0),
('2017-12-12 18:09:15', 24, '20.1', NULL, 0, 0),
('2017-12-12 18:09:18', 24, '20.1', NULL, 0, 0),
('2017-12-12 18:09:21', 24, '20.1', NULL, 0, 0),
('2017-12-12 18:09:24', 24, '20.1', NULL, 0, 0),
('2017-12-12 18:09:26', 24, '20.1', NULL, 0, 0),
('2017-12-12 18:09:29', 24, '20.1', NULL, 0, 0),
('2017-12-12 18:09:32', 24, '20.1', NULL, 0, 0),
('2017-12-12 18:09:35', 24, '20.1', NULL, 0, 0),
('2017-12-12 18:09:38', 24, '20.1', NULL, 0, 0),
('2017-12-12 18:09:41', 24, '20.1', NULL, 0, 0),
('2017-12-12 18:09:44', 24, '20.1', NULL, 0, 0),
('2017-12-12 18:09:47', 24, '20.1', NULL, 0, 0),
('2017-12-12 18:09:50', 24, '20.1', NULL, 0, 0),
('2017-12-12 18:09:52', 24, '20.1', NULL, 0, 0),
('2017-12-12 18:09:55', 24, '20.1', NULL, 0, 0),
('2017-12-12 18:09:58', 24, '20.1', NULL, 0, 0),
('2017-12-12 18:10:01', 24, '20.1', NULL, 0, 0),
('2017-12-12 18:10:04', 24, '20.1', NULL, 0, 0),
('2017-12-12 18:10:07', 24, '20.1', NULL, 0, 0),
('2017-12-12 18:10:10', 24, '20.1', NULL, 0, 0),
('2017-12-12 18:10:13', 24, '20.1', NULL, 0, 0),
('2017-12-12 18:10:16', 24, '20.1', NULL, 0, 0),
('2017-12-12 18:10:18', 24, '20.1', NULL, 0, 0),
('2017-12-12 18:10:21', 24, '20.1', NULL, 0, 0),
('2017-12-12 18:10:24', 24, '20.1', NULL, 0, 0),
('2017-12-12 18:10:27', 24, '20.1', NULL, 0, 0),
('2017-12-12 18:10:30', 24, '20.1', NULL, 0, 0),
('2017-12-12 18:10:33', 24, '20.1', NULL, 0, 0),
('2017-12-12 18:10:37', 24, '20.1', NULL, 0, 0),
('2017-12-12 18:10:40', 24, '20.1', NULL, 0, 0),
('2017-12-12 18:10:42', 24, '20.1', NULL, 0, 0),
('2017-12-12 18:10:45', 24, '20.1', NULL, 0, 0),
('2017-12-12 18:10:48', 24, '20.1', NULL, 0, 0),
('2017-12-12 18:10:51', 24, '20.1', NULL, 0, 0),
('2017-12-12 18:10:54', 24, '20.1', NULL, 0, 0),
('2017-12-12 18:10:57', 24, '20.1', NULL, 0, 0),
('2017-12-12 18:11:00', 24, '20.1', NULL, 0, 0),
('2017-12-12 18:11:03', 24, '20.1', NULL, 0, 0),
('2017-12-12 18:11:06', 24, '20.1', NULL, 0, 0),
('2017-12-12 18:11:08', 24, '20.1', NULL, 0, 0),
('2017-12-12 18:11:11', 24, '20.1', NULL, 0, 0),
('2017-12-12 18:11:14', 24, '20.1', NULL, 0, 0),
('2017-12-12 18:11:17', 24, '20.1', NULL, 0, 0),
('2017-12-12 18:11:20', 24, '20.2', NULL, 0, 0),
('2017-12-12 18:11:23', 24, '20.1', NULL, 0, 0),
('2017-12-12 18:11:26', 24, '20.1', NULL, 0, 0),
('2017-12-12 18:11:29', 24, '20.1', NULL, 0, 0),
('2017-12-12 18:11:32', 24, '20.1', NULL, 0, 0),
('2017-12-12 18:11:34', 24, '20.2', NULL, 0, 0),
('2017-12-12 18:11:37', 24, '20.2', NULL, 0, 0),
('2017-12-12 18:11:40', 24, '20.2', NULL, 0, 0),
('2017-12-12 18:11:43', 24, '20.2', NULL, 0, 0),
('2017-12-12 18:11:46', 24, '20.2', NULL, 0, 0),
('2017-12-12 18:11:49', 24, '20.2', NULL, 0, 0),
('2017-12-12 18:11:52', 24, '20.2', NULL, 0, 0),
('2017-12-12 18:11:55', 24, '20.2', NULL, 0, 0),
('2017-12-12 18:19:48', 25, '20.2', NULL, 0, 0),
('2017-12-12 18:19:51', 25, '20.2', NULL, 0, 0),
('2017-12-12 18:19:54', 25, '20.2', NULL, 0, 0),
('2017-12-12 18:19:57', 25, '20.2', NULL, 0, 0),
('2017-12-12 18:19:59', 25, '20.2', NULL, 0, 0),
('2017-12-12 18:20:02', 25, '20.2', NULL, 0, 0),
('2017-12-12 18:20:05', 25, '20.2', NULL, 0, 0),
('2017-12-12 18:20:08', 25, '20.2', NULL, 0, 0),
('2017-12-12 18:20:11', 25, '20.2', NULL, 0, 0),
('2017-12-12 18:20:14', 25, '20.2', NULL, 0, 0),
('2017-12-12 18:20:17', 25, '20.2', NULL, 0, 0),
('2017-12-12 18:20:20', 25, '20.2', NULL, 0, 0),
('2017-12-12 18:20:23', 25, '20.2', NULL, 0, 0),
('2017-12-12 18:20:25', 25, '20.2', NULL, 0, 0),
('2017-12-12 18:20:28', 25, '20.2', NULL, 0, 0),
('2017-12-12 18:20:31', 25, '20.2', NULL, 0, 0),
('2017-12-12 18:20:34', 25, '20.2', NULL, 0, 0),
('2017-12-12 18:20:37', 25, '20.2', NULL, 0, 0),
('2017-12-12 18:20:40', 25, '20.2', NULL, 0, 0),
('2017-12-12 18:20:43', 25, '20.2', NULL, 0, 0),
('2017-12-12 18:20:46', 25, '20.2', NULL, 0, 0),
('2017-12-12 18:20:49', 25, '20.2', NULL, 0, 0),
('2017-12-12 18:20:52', 25, '20.2', NULL, 0, 0),
('2017-12-12 18:20:54', 25, '20.2', NULL, 0, 0),
('2017-12-12 18:20:57', 25, '20.2', NULL, 0, 0),
('2017-12-12 18:21:00', 25, '20.2', NULL, 0, 0),
('2017-12-12 18:21:03', 25, '20.2', NULL, 0, 0),
('2017-12-12 18:21:06', 25, '20.2', NULL, 0, 0),
('2017-12-12 18:21:09', 25, '20.2', NULL, 0, 0),
('2017-12-12 18:21:12', 25, '20.2', NULL, 0, 0),
('2017-12-12 18:21:15', 25, '20.2', NULL, 0, 0),
('2017-12-12 18:21:18', 25, '20.1', NULL, 0, 0),
('2017-12-12 18:21:21', 25, '20.1', NULL, 0, 0),
('2017-12-12 18:21:23', 25, '20.2', NULL, 0, 0),
('2017-12-12 18:21:26', 25, '20.1', NULL, 0, 0),
('2017-12-12 18:21:29', 25, '20.1', NULL, 0, 0),
('2017-12-12 18:21:32', 25, '20.1', NULL, 0, 0),
('2017-12-12 18:21:35', 25, '20.1', NULL, 0, 0),
('2017-12-12 18:21:38', 25, '20.1', NULL, 0, 0),
('2017-12-12 18:21:41', 25, '20.1', NULL, 0, 0),
('2017-12-12 18:21:44', 25, '20.1', NULL, 0, 0),
('2017-12-12 18:21:46', 25, '20.1', NULL, 0, 0),
('2017-12-12 18:21:49', 25, '20.1', NULL, 0, 0),
('2017-12-12 18:21:52', 25, '20.1', NULL, 0, 0),
('2017-12-12 18:21:55', 25, '20.1', NULL, 0, 0),
('2017-12-12 18:21:58', 25, '20.1', NULL, 0, 0),
('2017-12-12 18:22:01', 25, '20.1', NULL, 0, 0),
('2017-12-12 18:22:04', 25, '20.1', NULL, 0, 0),
('2017-12-12 18:22:07', 25, '20.1', NULL, 0, 0),
('2017-12-12 18:22:10', 25, '20.1', NULL, 0, 0),
('2017-12-12 18:22:13', 25, '20.1', NULL, 0, 0),
('2017-12-12 18:22:16', 25, '20.1', NULL, 0, 0),
('2017-12-12 18:22:18', 25, '20.1', NULL, 0, 0),
('2017-12-12 18:22:21', 25, '20.1', NULL, 0, 0),
('2017-12-12 18:22:24', 25, '20.1', NULL, 0, 0),
('2017-12-12 18:22:27', 25, '20.1', NULL, 0, 0),
('2017-12-12 18:22:30', 25, '20.1', NULL, 0, 0),
('2017-12-12 18:22:33', 25, '20.1', NULL, 0, 0),
('2017-12-12 18:22:36', 25, '20.1', NULL, 0, 0),
('2017-12-12 18:22:39', 25, '20.1', NULL, 0, 0),
('2017-12-12 18:22:42', 25, '20.1', NULL, 0, 0),
('2017-12-12 18:22:44', 25, '20.1', NULL, 0, 0),
('2017-12-12 18:22:47', 25, '20.1', NULL, 0, 0),
('2017-12-12 18:22:50', 25, '20.1', NULL, 0, 0),
('2017-12-12 18:22:53', 25, '20.1', NULL, 0, 0),
('2017-12-12 18:22:56', 25, '20.1', NULL, 0, 0),
('2017-12-12 18:22:59', 25, '20.1', NULL, 0, 0),
('2017-12-12 18:23:02', 25, '20.1', NULL, 0, 0),
('2017-12-12 18:23:05', 25, '20.1', NULL, 0, 0),
('2017-12-12 18:23:08', 25, '20.1', NULL, 0, 0),
('2017-12-12 18:23:11', 25, '20.1', NULL, 0, 0),
('2017-12-12 18:23:14', 25, '20.1', NULL, 0, 0),
('2017-12-12 18:23:16', 25, '20.1', NULL, 0, 0),
('2017-12-12 18:23:19', 25, '20.1', NULL, 0, 0),
('2017-12-12 18:23:22', 25, '20.1', NULL, 0, 0),
('2017-12-12 18:23:25', 25, '20.1', NULL, 0, 0),
('2017-12-12 18:23:28', 25, '20.1', NULL, 0, 0),
('2017-12-12 18:23:31', 25, '20.1', NULL, 0, 0),
('2017-12-12 18:23:34', 25, '20.1', NULL, 0, 0),
('2017-12-12 18:23:37', 25, '20.1', NULL, 0, 0),
('2017-12-12 18:23:40', 25, '20.1', NULL, 0, 0),
('2017-12-12 18:23:42', 25, '20.1', NULL, 0, 0),
('2017-12-12 18:23:45', 25, '20.1', NULL, 0, 0),
('2017-12-12 18:23:48', 25, '20.1', NULL, 0, 0),
('2017-12-12 18:23:51', 25, '20.1', NULL, 0, 0),
('2017-12-12 18:23:54', 25, '20.1', NULL, 0, 0),
('2017-12-12 18:23:57', 25, '20.1', NULL, 0, 0),
('2017-12-12 18:24:00', 25, '20.1', NULL, 0, 0),
('2017-12-12 18:24:03', 25, '20.1', NULL, 0, 0),
('2017-12-12 18:24:06', 25, '20.1', NULL, 0, 0),
('2017-12-12 18:24:08', 25, '20.1', NULL, 0, 0),
('2017-12-12 18:24:11', 25, '20.1', NULL, 0, 0),
('2017-12-12 18:24:14', 25, '20.1', NULL, 0, 0),
('2017-12-12 18:24:17', 25, '20.1', NULL, 0, 0),
('2017-12-12 18:24:20', 25, '20.1', NULL, 0, 0),
('2017-12-12 18:24:23', 25, '20.1', NULL, 0, 0),
('2017-12-12 18:24:26', 25, '20.1', NULL, 0, 0),
('2017-12-12 18:24:29', 25, '20.1', NULL, 0, 0),
('2017-12-12 18:24:32', 25, '20.1', NULL, 0, 0),
('2017-12-12 18:24:34', 25, '20.1', NULL, 0, 0),
('2017-12-12 18:24:37', 25, '20.1', NULL, 0, 0),
('2017-12-12 18:24:40', 25, '20.1', NULL, 0, 0),
('2017-12-12 18:24:43', 25, '20.1', NULL, 0, 0),
('2017-12-12 18:46:35', 26, '19.9', NULL, 0, 0),
('2017-12-12 18:46:38', 26, '19.9', NULL, 0, 0),
('2017-12-12 18:46:41', 26, '19.9', NULL, 0, 0),
('2017-12-12 18:46:44', 26, '19.9', NULL, 0, 0),
('2017-12-12 18:46:47', 26, '19.9', NULL, 0, 0),
('2017-12-12 18:46:50', 26, '19.9', NULL, 0, 0),
('2017-12-12 18:46:53', 26, '19.9', NULL, 0, 0),
('2017-12-12 18:46:56', 26, '19.9', NULL, 0, 0),
('2017-12-12 18:46:58', 26, '19.9', NULL, 0, 0),
('2017-12-12 18:47:59', 27, '19.9', NULL, 0, 0),
('2017-12-12 18:48:02', 27, '19.9', NULL, 0, 0),
('2017-12-12 18:48:05', 27, '19.9', NULL, 0, 0),
('2017-12-12 18:48:08', 27, '19.9', NULL, 0, 0),
('2017-12-12 18:48:10', 27, '19.9', NULL, 0, 0),
('2017-12-12 18:48:13', 27, '19.9', NULL, 0, 0),
('2017-12-12 18:48:16', 27, '19.9', NULL, 0, 0),
('2017-12-12 18:48:19', 27, '19.9', NULL, 0, 0),
('2017-12-12 18:49:52', 28, '19.9', NULL, 0, 0),
('2017-12-12 18:49:54', 28, '19.9', NULL, 0, 0),
('2017-12-12 18:49:57', 28, '19.9', NULL, 0, 0),
('2017-12-12 18:50:00', 28, '19.9', NULL, 0, 0),
('2017-12-12 18:50:03', 28, '19.9', NULL, 0, 0),
('2017-12-13 14:38:47', 31, '19.8', NULL, 0, 0),
('2017-12-13 14:38:50', 31, '19.8', NULL, 0, 0),
('2017-12-13 14:38:53', 31, '19.8', NULL, 0, 0),
('2017-12-13 14:38:56', 31, '20.0', NULL, 0, 0),
('2017-12-13 14:38:59', 31, '22.1', NULL, 0, 0),
('2017-12-13 14:39:02', 31, '24.0', NULL, 0, 0),
('2017-12-13 14:39:05', 31, '25.2', NULL, 0, 1),
('2017-12-13 14:39:08', 31, '25.6', NULL, 0, 1),
('2017-12-13 14:39:11', 31, '25.7', NULL, 0, 1),
('2017-12-14 12:59:42', 34, '21.9', NULL, 0, 0),
('2017-12-14 12:59:44', 34, '21.9', NULL, 0, 0),
('2017-12-14 12:59:47', 34, '21.8', NULL, 0, 0),
('2017-12-14 12:59:50', 34, '21.8', NULL, 0, 0),
('2017-12-14 12:59:53', 34, '21.8', NULL, 0, 0),
('2017-12-14 12:59:56', 34, '22.1', NULL, 0, 0),
('2017-12-14 12:59:59', 34, '23.7', NULL, 0, 0),
('2017-12-14 13:00:02', 34, '25.2', NULL, 0, 1),
('2017-12-14 13:00:05', 34, '26.3', NULL, 0, 1),
('2017-12-14 13:00:08', 34, '27.1', NULL, 0, 1),
('2017-12-14 13:00:11', 34, '27.8', NULL, 0, 1),
('2017-12-14 13:00:14', 34, '28.4', NULL, 0, 1),
('2017-12-14 13:00:16', 34, '28.8', NULL, 0, 1),
('2017-12-14 13:00:19', 34, '29.1', NULL, 0, 1),
('2017-12-14 13:00:22', 34, '29.4', NULL, 0, 1),
('2017-12-14 13:00:25', 34, '29.7', NULL, 0, 1),
('2017-12-14 13:00:28', 34, '29.9', NULL, 0, 1),
('2017-12-14 13:00:31', 34, '30.1', NULL, 0, 1),
('2017-12-14 13:00:34', 34, '30.3', NULL, 0, 1),
('2017-12-14 13:00:37', 34, '30.4', NULL, 0, 1),
('2017-12-14 13:00:40', 34, '30.5', NULL, 0, 1),
('2017-12-14 13:00:42', 34, '30.4', NULL, 0, 1),
('2017-12-14 13:00:45', 34, '30.2', NULL, 0, 1),
('2017-12-14 13:00:48', 34, '29.9', NULL, 0, 1),
('2017-12-14 13:00:51', 34, '29.6', NULL, 0, 1),
('2017-12-14 13:00:54', 34, '29.6', NULL, 0, 1),
('2017-12-14 13:00:57', 34, '29.1', NULL, 0, 0),
('2017-12-14 13:01:00', 34, '28.8', NULL, 0, 0),
('2017-12-14 13:01:03', 34, '28.6', NULL, 0, 0),
('2017-12-14 13:01:06', 34, '28.4', NULL, 0, 0),
('2017-12-14 13:01:09', 34, '28.2', NULL, 0, 0),
('2017-12-14 13:01:12', 34, '28.0', NULL, 0, 0),
('2017-12-14 13:01:15', 34, '27.8', NULL, 0, 0),
('2017-12-14 13:01:18', 34, '27.6', NULL, 0, 0),
('2017-12-14 13:01:20', 34, '27.4', NULL, 0, 0),
('2017-12-14 13:01:23', 34, '27.3', NULL, 1, 0),
('2017-12-14 13:01:26', 34, '27.1', NULL, 1, 1),
('2017-12-14 13:01:29', 34, '26.9', NULL, 1, 1),
('2017-12-14 13:01:32', 34, '26.9', NULL, 1, 1),
('2017-12-14 15:45:51', 38, '19.6', NULL, 0, 0),
('2017-12-14 15:45:54', 38, '19.6', NULL, 0, 0),
('2017-12-14 15:45:57', 38, '19.6', NULL, 0, 0),
('2017-12-14 15:46:00', 38, '20.0', NULL, 0, 0),
('2017-12-14 15:46:03', 38, '20.4', NULL, 0, 0),
('2017-12-14 15:46:06', 38, '20.7', NULL, 0, 0),
('2017-12-14 15:46:08', 38, '20.9', NULL, 0, 0),
('2017-12-14 15:46:11', 38, '21.2', NULL, 0, 0),
('2017-12-14 15:46:14', 38, '21.3', NULL, 0, 0),
('2017-12-14 15:46:17', 38, '21.4', NULL, 0, 0),
('2017-12-14 15:46:20', 38, '21.5', NULL, 0, 0),
('2017-12-14 15:46:23', 38, '21.6', NULL, 0, 0),
('2017-12-14 15:46:26', 38, '21.7', NULL, 0, 0),
('2017-12-14 15:46:29', 38, '21.7', NULL, 0, 0),
('2017-12-14 15:46:31', 38, '21.8', NULL, 0, 0),
('2017-12-14 15:46:34', 38, '21.8', NULL, 0, 0),
('2017-12-14 15:46:37', 38, '21.8', NULL, 0, 0),
('2017-12-14 15:46:40', 38, '21.8', NULL, 0, 0),
('2017-12-14 15:46:43', 38, '21.7', NULL, 0, 0),
('2017-12-14 15:46:46', 38, '21.6', NULL, 0, 0),
('2017-12-14 15:46:49', 38, '21.6', NULL, 0, 0),
('2017-12-14 15:46:52', 38, '21.5', NULL, 0, 0),
('2017-12-14 15:46:55', 38, '21.5', NULL, 0, 0),
('2017-12-14 15:46:58', 38, '21.4', NULL, 0, 0),
('2017-12-14 15:47:00', 38, '21.4', NULL, 0, 0),
('2017-12-14 15:47:03', 38, '21.3', NULL, 0, 0),
('2017-12-14 15:47:06', 38, '21.3', NULL, 0, 0),
('2017-12-14 15:47:09', 38, '21.3', NULL, 0, 0),
('2017-12-14 15:47:12', 38, '21.3', NULL, 0, 0),
('2017-12-14 15:47:15', 38, '21.2', NULL, 0, 0),
('2017-12-14 15:47:18', 38, '21.2', NULL, 0, 0),
('2017-12-14 15:47:21', 38, '21.1', NULL, 0, 0),
('2017-12-14 15:47:24', 38, '21.1', NULL, 0, 0),
('2017-12-14 15:47:26', 38, '21.1', NULL, 0, 0),
('2017-12-14 15:47:29', 38, '21.1', NULL, 0, 0),
('2017-12-14 15:47:32', 38, '21.1', NULL, 0, 0),
('2017-12-14 15:47:35', 38, '21.1', NULL, 0, 0),
('2017-12-14 15:47:38', 38, '21.0', NULL, 0, 0),
('2017-12-14 15:47:41', 38, '20.9', NULL, 0, 0),
('2017-12-14 15:47:44', 38, '20.9', NULL, 0, 0),
('2017-12-14 15:47:47', 38, '20.9', NULL, 0, 0),
('2017-12-14 15:47:50', 38, '20.9', NULL, 0, 0),
('2017-12-14 15:47:53', 38, '20.9', NULL, 0, 0),
('2017-12-14 15:47:56', 38, '20.9', NULL, 0, 0),
('2017-12-14 15:47:58', 38, '20.9', NULL, 0, 0),
('2017-12-14 15:48:01', 38, '20.8', NULL, 0, 0),
('2017-12-14 15:48:04', 38, '20.8', NULL, 0, 0),
('2017-12-14 15:48:07', 38, '20.8', NULL, 0, 0),
('2017-12-14 15:48:10', 38, '20.8', NULL, 0, 0),
('2017-12-14 15:48:13', 38, '20.8', NULL, 0, 0),
('2017-12-14 15:48:16', 38, '20.8', NULL, 0, 0),
('2017-12-14 15:48:19', 38, '20.8', NULL, 0, 0),
('2017-12-14 15:48:22', 38, '20.8', NULL, 0, 0),
('2017-12-14 15:48:24', 38, '20.8', NULL, 0, 0),
('2017-12-14 15:48:27', 38, '20.7', NULL, 0, 0),
('2017-12-14 15:48:30', 38, '20.7', NULL, 0, 0),
('2017-12-14 15:48:33', 38, '20.7', NULL, 0, 0),
('2017-12-14 15:48:36', 38, '20.7', NULL, 0, 0),
('2017-12-14 15:48:39', 38, '20.7', NULL, 0, 0),
('2017-12-14 15:48:42', 38, '20.7', NULL, 0, 0),
('2017-12-14 15:48:45', 38, '20.7', NULL, 0, 0),
('2017-12-14 15:48:48', 38, '20.6', NULL, 0, 0),
('2017-12-14 15:48:50', 38, '20.6', NULL, 0, 0),
('2017-12-14 15:48:53', 38, '20.6', NULL, 0, 0),
('2017-12-14 15:48:56', 38, '20.6', NULL, 0, 0),
('2017-12-14 15:48:59', 38, '20.6', NULL, 0, 0),
('2017-12-14 15:49:02', 38, '20.6', NULL, 0, 0),
('2017-12-14 15:49:05', 38, '20.6', NULL, 0, 0),
('2017-12-14 15:49:08', 38, '20.6', NULL, 0, 0),
('2017-12-14 15:49:11', 38, '20.6', NULL, 0, 0),
('2017-12-14 15:49:14', 38, '20.6', NULL, 0, 0),
('2017-12-14 15:49:17', 38, '20.6', NULL, 0, 0),
('2017-12-14 15:49:19', 38, '20.6', NULL, 0, 0),
('2017-12-14 15:49:22', 38, '20.6', NULL, 0, 0),
('2017-12-14 15:49:25', 38, '20.5', NULL, 0, 0),
('2017-12-14 15:49:28', 38, '20.5', NULL, 0, 0),
('2017-12-14 15:49:31', 38, '20.5', NULL, 0, 0),
('2017-12-14 15:49:34', 38, '20.5', NULL, 0, 0),
('2017-12-14 15:49:37', 38, '20.5', NULL, 0, 0),
('2017-12-14 15:49:40', 38, '20.5', NULL, 0, 0),
('2017-12-14 15:49:43', 38, '20.5', NULL, 0, 0),
('2017-12-14 15:49:46', 38, '20.5', NULL, 0, 0),
('2017-12-14 15:49:48', 38, '20.4', NULL, 0, 0),
('2017-12-14 15:49:51', 38, '20.4', NULL, 0, 0),
('2017-12-14 15:49:54', 38, '20.4', NULL, 0, 0),
('2017-12-14 15:49:57', 38, '20.4', NULL, 0, 0),
('2017-12-14 15:50:00', 38, '20.4', NULL, 0, 0),
('2017-12-14 15:50:03', 38, '20.4', NULL, 0, 0),
('2017-12-14 15:50:06', 38, '20.4', NULL, 0, 0),
('2017-12-14 15:50:09', 38, '20.4', NULL, 0, 0),
('2017-12-14 15:50:12', 38, '20.4', NULL, 0, 0),
('2017-12-14 15:50:14', 38, '20.4', NULL, 0, 0),
('2017-12-14 15:50:17', 38, '20.4', NULL, 0, 0),
('2017-12-14 15:50:20', 38, '20.4', NULL, 0, 0),
('2017-12-14 15:50:23', 38, '20.4', NULL, 0, 0),
('2017-12-14 15:50:26', 38, '20.4', NULL, 0, 0),
('2017-12-14 15:50:29', 38, '20.4', NULL, 0, 0),
('2017-12-14 15:50:32', 38, '20.4', NULL, 0, 0),
('2017-12-14 15:50:35', 38, '20.4', NULL, 0, 0),
('2017-12-14 15:50:38', 38, '20.4', NULL, 0, 0),
('2017-12-14 15:50:41', 38, '20.4', NULL, 0, 0),
('2017-12-14 15:50:44', 38, '20.4', NULL, 0, 0),
('2017-12-14 15:50:47', 38, '20.4', NULL, 0, 0),
('2017-12-14 15:50:50', 38, '20.4', NULL, 0, 0),
('2017-12-14 15:50:52', 38, '20.3', NULL, 0, 0),
('2017-12-14 15:50:55', 38, '20.3', NULL, 0, 0),
('2017-12-14 15:50:58', 38, '20.3', NULL, 0, 0),
('2017-12-14 15:51:01', 38, '20.3', NULL, 0, 0),
('2017-12-14 15:51:04', 38, '20.3', NULL, 0, 0),
('2017-12-14 15:51:07', 38, '20.3', NULL, 0, 0),
('2017-12-14 15:51:10', 38, '20.3', NULL, 0, 0),
('2017-12-14 15:51:13', 38, '20.3', NULL, 0, 0),
('2017-12-14 15:51:16', 38, '20.3', NULL, 0, 0),
('2017-12-14 15:51:19', 38, '20.3', NULL, 0, 0),
('2017-12-14 15:51:22', 38, '20.3', NULL, 0, 0),
('2017-12-14 15:51:25', 38, '20.3', NULL, 0, 0),
('2017-12-14 15:51:27', 38, '20.3', NULL, 0, 0),
('2017-12-14 15:51:30', 38, '20.3', NULL, 0, 0),
('2017-12-14 15:51:33', 38, '20.3', NULL, 0, 0),
('2017-12-14 15:51:36', 38, '20.3', NULL, 0, 0),
('2017-12-14 15:51:39', 38, '20.3', NULL, 0, 0),
('2017-12-14 15:51:42', 38, '20.3', NULL, 0, 0),
('2017-12-14 15:51:45', 38, '20.3', NULL, 0, 0),
('2017-12-14 15:51:48', 38, '20.3', NULL, 0, 0),
('2017-12-14 15:51:51', 38, '20.3', NULL, 0, 0),
('2017-12-14 15:51:54', 38, '20.3', NULL, 0, 0),
('2017-12-14 15:51:56', 38, '20.3', NULL, 0, 0),
('2017-12-14 15:51:59', 38, '20.3', NULL, 0, 0),
('2017-12-14 15:52:02', 38, '20.3', NULL, 0, 0),
('2017-12-14 15:52:05', 38, '20.3', NULL, 0, 0),
('2017-12-14 15:52:08', 38, '20.3', NULL, 0, 0),
('2017-12-14 15:52:11', 38, '20.3', NULL, 0, 0),
('2017-12-14 15:52:14', 38, '20.3', NULL, 0, 0),
('2017-12-14 15:52:17', 38, '20.3', NULL, 0, 0),
('2017-12-14 15:52:20', 38, '20.3', NULL, 0, 0),
('2017-12-14 15:52:23', 38, '20.3', NULL, 0, 0),
('2017-12-14 15:52:26', 38, '20.3', NULL, 0, 0),
('2017-12-14 15:52:28', 38, '20.3', NULL, 0, 0),
('2017-12-14 15:52:31', 38, '20.3', NULL, 0, 0),
('2017-12-14 15:52:34', 38, '20.3', NULL, 0, 0),
('2017-12-14 15:52:37', 38, '20.3', NULL, 0, 0),
('2017-12-14 15:52:40', 38, '20.2', NULL, 0, 0),
('2017-12-14 15:52:43', 38, '20.3', NULL, 0, 0),
('2017-12-14 15:52:46', 38, '20.2', NULL, 0, 0),
('2017-12-14 15:52:49', 38, '20.2', NULL, 0, 0),
('2017-12-14 15:52:52', 38, '20.2', NULL, 0, 0),
('2017-12-14 15:52:55', 38, '20.2', NULL, 0, 0),
('2017-12-14 15:52:58', 38, '20.2', NULL, 0, 0),
('2017-12-14 15:53:00', 38, '20.2', NULL, 0, 0),
('2017-12-14 15:53:03', 38, '20.2', NULL, 0, 0),
('2017-12-14 15:53:06', 38, '20.2', NULL, 0, 0),
('2017-12-14 15:53:09', 38, '20.2', NULL, 0, 0),
('2017-12-14 15:53:12', 38, '20.2', NULL, 0, 0),
('2017-12-14 15:53:15', 38, '20.4', NULL, 0, 0),
('2017-12-14 15:53:18', 38, '20.6', NULL, 0, 0),
('2017-12-14 15:53:21', 38, '20.8', NULL, 0, 0),
('2017-12-14 15:53:24', 38, '20.9', NULL, 0, 0),
('2017-12-14 15:53:27', 38, '20.9', NULL, 0, 0),
('2017-12-14 15:53:30', 38, '21.0', NULL, 0, 0),
('2017-12-14 15:53:33', 38, '20.9', NULL, 0, 0),
('2017-12-14 15:53:35', 38, '20.9', NULL, 0, 0),
('2017-12-14 15:53:38', 38, '20.9', NULL, 0, 0),
('2017-12-14 15:53:41', 38, '20.9', NULL, 0, 0),
('2017-12-14 15:53:44', 38, '20.9', NULL, 0, 0),
('2017-12-14 15:53:47', 38, '20.9', NULL, 0, 0),
('2017-12-14 15:53:50', 38, '20.9', NULL, 0, 0),
('2017-12-14 15:53:53', 38, '20.9', NULL, 0, 0),
('2017-12-14 15:53:56', 38, '20.8', NULL, 0, 0),
('2017-12-14 15:53:59', 38, '20.8', NULL, 0, 0),
('2017-12-14 15:54:02', 38, '20.8', NULL, 0, 0),
('2017-12-14 15:54:04', 38, '20.8', NULL, 0, 0),
('2017-12-14 15:54:07', 38, '20.8', NULL, 0, 0),
('2017-12-14 15:54:10', 38, '20.8', NULL, 0, 0),
('2017-12-14 15:54:13', 38, '20.8', NULL, 0, 0),
('2017-12-14 15:54:16', 38, '20.8', NULL, 0, 0),
('2017-12-14 15:54:19', 38, '20.8', NULL, 0, 0),
('2017-12-14 15:54:22', 38, '20.7', NULL, 0, 0),
('2017-12-14 15:54:25', 38, '20.7', NULL, 0, 0),
('2017-12-14 15:54:28', 38, '20.7', NULL, 0, 0),
('2017-12-14 15:54:31', 38, '20.7', NULL, 0, 0),
('2017-12-14 15:54:34', 38, '20.7', NULL, 0, 0),
('2017-12-14 15:54:37', 38, '20.7', NULL, 0, 0),
('2017-12-14 15:54:39', 38, '20.7', NULL, 0, 0),
('2017-12-14 15:54:42', 38, '20.6', NULL, 0, 0),
('2017-12-14 15:54:45', 38, '20.6', NULL, 0, 0),
('2017-12-14 15:54:48', 38, '20.6', NULL, 0, 0),
('2017-12-14 15:54:51', 38, '20.6', NULL, 0, 0),
('2017-12-14 15:54:54', 38, '20.6', NULL, 0, 0),
('2017-12-14 15:54:57', 38, '20.6', NULL, 0, 0),
('2017-12-14 15:55:00', 38, '20.6', NULL, 0, 0),
('2017-12-14 15:55:03', 38, '20.6', NULL, 0, 0),
('2017-12-14 15:55:05', 38, '20.6', NULL, 0, 0),
('2017-12-14 15:55:08', 38, '20.6', NULL, 0, 0),
('2017-12-14 15:55:11', 38, '20.6', NULL, 0, 0),
('2017-12-14 15:55:14', 38, '20.6', NULL, 0, 0),
('2017-12-14 15:55:17', 38, '20.6', NULL, 0, 0),
('2017-12-14 15:55:20', 38, '20.6', NULL, 0, 0),
('2017-12-14 15:55:23', 38, '20.6', NULL, 0, 0),
('2017-12-14 15:55:26', 38, '20.6', NULL, 0, 0),
('2017-12-14 15:55:29', 38, '20.5', NULL, 0, 0),
('2017-12-14 15:55:32', 38, '20.5', NULL, 0, 0),
('2017-12-14 15:55:34', 38, '20.5', NULL, 0, 0),
('2017-12-14 15:55:37', 38, '20.5', NULL, 0, 0),
('2017-12-14 15:55:40', 38, '20.5', NULL, 0, 0),
('2017-12-14 15:55:43', 38, '20.5', NULL, 0, 0),
('2017-12-14 15:55:46', 38, '20.5', NULL, 0, 0),
('2017-12-14 15:55:49', 38, '20.5', NULL, 0, 0),
('2017-12-14 15:55:52', 38, '20.5', NULL, 0, 0),
('2017-12-14 15:55:55', 38, '20.5', NULL, 0, 0),
('2017-12-14 15:55:58', 38, '20.4', NULL, 0, 0),
('2017-12-14 15:56:01', 38, '20.5', NULL, 0, 0),
('2017-12-14 15:56:04', 38, '20.4', NULL, 0, 0),
('2017-12-14 15:56:06', 38, '20.5', NULL, 0, 0),
('2017-12-14 15:56:09', 38, '20.4', NULL, 0, 0),
('2017-12-14 15:56:12', 38, '20.4', NULL, 0, 0),
('2017-12-14 15:56:15', 38, '20.4', NULL, 0, 0),
('2017-12-14 15:56:18', 38, '20.4', NULL, 0, 0),
('2017-12-14 15:56:21', 38, '20.4', NULL, 0, 0),
('2017-12-14 15:56:24', 38, '20.4', NULL, 0, 0),
('2017-12-14 15:56:27', 38, '20.4', NULL, 0, 0),
('2017-12-14 15:56:30', 38, '20.4', NULL, 0, 0),
('2017-12-14 15:56:32', 38, '20.4', NULL, 0, 0),
('2017-12-14 15:56:35', 38, '20.4', NULL, 0, 0),
('2017-12-14 15:56:38', 38, '20.4', NULL, 0, 0),
('2017-12-14 15:56:41', 38, '20.4', NULL, 0, 0),
('2017-12-14 15:56:44', 38, '20.6', NULL, 0, 0),
('2017-12-14 15:56:47', 38, '20.8', NULL, 0, 0),
('2017-12-14 15:56:50', 38, '20.9', NULL, 0, 0),
('2017-12-14 15:56:53', 38, '20.9', NULL, 0, 0),
('2017-12-14 15:56:56', 38, '21.1', NULL, 0, 0),
('2017-12-14 15:56:58', 38, '21.1', NULL, 0, 0),
('2017-12-14 15:57:01', 38, '21.2', NULL, 0, 0),
('2017-12-14 15:57:04', 38, '21.2', NULL, 0, 0),
('2017-12-14 15:57:07', 38, '21.2', NULL, 0, 0),
('2017-12-14 15:57:10', 38, '21.1', NULL, 0, 0),
('2017-12-14 15:57:13', 38, '21.1', NULL, 0, 0),
('2017-12-14 15:57:16', 38, '21.1', NULL, 0, 0),
('2017-12-14 15:57:19', 38, '21.1', NULL, 0, 0),
('2017-12-14 15:57:22', 38, '21.1', NULL, 0, 0),
('2017-12-14 15:57:25', 38, '21.0', NULL, 0, 0),
('2017-12-14 15:57:27', 38, '21.0', NULL, 0, 0),
('2017-12-14 15:57:30', 38, '21.0', NULL, 0, 0),
('2017-12-14 15:57:33', 38, '20.9', NULL, 0, 0),
('2017-12-14 15:57:36', 38, '20.9', NULL, 0, 0),
('2017-12-14 15:57:39', 38, '20.9', NULL, 0, 0),
('2017-12-14 15:57:42', 38, '20.9', NULL, 0, 0),
('2017-12-14 15:57:45', 38, '20.9', NULL, 0, 0),
('2017-12-14 15:57:48', 38, '20.8', NULL, 0, 0),
('2017-12-14 15:57:51', 38, '20.8', NULL, 0, 0),
('2017-12-14 15:57:54', 38, '20.8', NULL, 0, 0),
('2017-12-14 15:57:57', 38, '20.8', NULL, 0, 0),
('2017-12-14 15:57:59', 38, '20.8', NULL, 0, 0),
('2017-12-14 15:58:02', 38, '20.8', NULL, 0, 0),
('2017-12-14 15:58:05', 38, '20.8', NULL, 0, 0),
('2017-12-14 15:58:08', 38, '20.7', NULL, 0, 0),
('2017-12-14 15:58:11', 38, '20.7', NULL, 0, 0),
('2017-12-14 15:58:14', 38, '20.7', NULL, 0, 0),
('2017-12-14 15:58:17', 38, '20.7', NULL, 0, 0),
('2017-12-14 15:58:20', 38, '20.7', NULL, 0, 0),
('2017-12-14 15:58:23', 38, '20.6', NULL, 0, 0),
('2017-12-14 15:58:26', 38, '20.6', NULL, 0, 0),
('2017-12-14 15:58:28', 38, '20.6', NULL, 0, 0),
('2017-12-14 15:58:31', 38, '20.6', NULL, 0, 0),
('2017-12-14 15:58:34', 38, '20.6', NULL, 0, 0),
('2017-12-14 15:58:37', 38, '20.6', NULL, 0, 0),
('2017-12-14 15:58:40', 38, '20.6', NULL, 0, 0),
('2017-12-14 15:58:43', 38, '20.6', NULL, 0, 0),
('2017-12-14 15:58:46', 38, '20.6', NULL, 0, 0),
('2017-12-14 15:58:49', 38, '20.6', NULL, 0, 0),
('2017-12-14 15:58:52', 38, '20.5', NULL, 0, 0),
('2017-12-14 15:58:54', 38, '20.5', NULL, 0, 0),
('2017-12-14 15:58:57', 38, '20.5', NULL, 0, 0);
INSERT INTO `fermentation_temp` (`timestamp`, `id`, `temperature`, `room_temp`, `heated`, `cooled`) VALUES
('2017-12-14 15:59:00', 38, '20.5', NULL, 0, 0),
('2017-12-14 17:50:50', 40, '20.4', NULL, 0, 0),
('2017-12-14 17:50:53', 40, '20.4', NULL, 0, 0),
('2017-12-14 17:50:56', 40, '20.4', NULL, 0, 0),
('2017-12-14 17:52:19', 41, '20.4', NULL, 0, 0),
('2017-12-14 17:52:22', 41, '20.4', NULL, 0, 0),
('2017-12-14 17:54:15', 42, '20.4', NULL, 0, 0),
('2017-12-14 17:54:18', 42, '20.4', NULL, 0, 0),
('2017-12-14 18:00:04', 43, '20.4', NULL, 0, 0),
('2017-12-14 18:00:07', 43, '20.4', NULL, 0, 0),
('2017-12-14 18:00:10', 43, '20.4', NULL, 0, 0),
('2017-12-14 18:06:34', 44, '20.1', NULL, 0, 0),
('2017-12-14 18:06:37', 44, '20.1', NULL, 0, 0),
('2017-12-14 18:06:40', 44, '20.1', NULL, 0, 0),
('2017-12-14 18:06:43', 44, '20.1', NULL, 0, 0),
('2017-12-14 18:06:46', 44, '20.1', NULL, 0, 0),
('2017-12-14 18:06:49', 44, '20.1', NULL, 0, 0),
('2017-12-14 18:06:52', 44, '20.1', NULL, 0, 0),
('2017-12-14 18:06:55', 44, '20.1', NULL, 0, 0),
('2017-12-14 18:06:57', 44, '20.1', NULL, 0, 0),
('2017-12-14 18:07:00', 44, '20.1', NULL, 0, 0),
('2017-12-14 18:07:03', 44, '20.1', NULL, 0, 0),
('2017-12-14 18:07:06', 44, '20.1', NULL, 0, 0),
('2017-12-14 18:08:24', 45, '20.1', NULL, 0, 0),
('2017-12-14 18:08:27', 45, '20.1', NULL, 0, 0),
('2017-12-14 18:08:30', 45, '20.1', NULL, 0, 0),
('2017-12-15 16:38:50', 49, '30.6', NULL, 0, 1),
('2017-12-15 16:38:53', 49, '28.2', NULL, 0, 1),
('2017-12-15 16:38:56', 49, '28.0', NULL, 0, 1),
('2017-12-15 16:38:59', 49, '27.9', NULL, 0, 1),
('2017-12-15 16:39:02', 49, '27.8', NULL, 0, 1),
('2017-12-15 16:39:05', 49, '27.6', NULL, 0, 1),
('2017-12-15 16:39:08', 49, '27.5', NULL, 0, 1),
('2017-12-15 16:39:11', 49, '27.4', NULL, 0, 1),
('2017-12-15 16:39:14', 49, '27.3', NULL, 0, 1),
('2017-12-15 16:39:16', 49, '27.2', NULL, 0, 1),
('2017-12-15 16:39:19', 49, '27.1', NULL, 0, 1);

-- --------------------------------------------------------

--
-- Struttura della tabella `ingridient`
--

CREATE TABLE `ingridient` (
  `id` int(10) UNSIGNED NOT NULL,
  `name` varchar(255) NOT NULL
) ENGINE=InnoDB DEFAULT CHARSET=utf8;

--
-- Dump dei dati per la tabella `ingridient`
--

INSERT INTO `ingridient` (`id`, `name`) VALUES
(1, 'malt'),
(2, 'hop'),
(3, 'yiest');

-- --------------------------------------------------------

--
-- Struttura della tabella `ingridient_lang`
--

CREATE TABLE `ingridient_lang` (
  `id` int(10) UNSIGNED NOT NULL,
  `language` varchar(2) NOT NULL
) ENGINE=InnoDB DEFAULT CHARSET=utf8;

--
-- Dump dei dati per la tabella `ingridient_lang`
--

INSERT INTO `ingridient_lang` (`id`, `language`) VALUES
(3, 'en');

-- --------------------------------------------------------

--
-- Struttura della tabella `ingridient_yiest`
--

CREATE TABLE `ingridient_yiest` (
  `id` int(10) UNSIGNED NOT NULL,
  `ingridient_id` int(10) UNSIGNED NOT NULL,
  `family_id` int(10) UNSIGNED NOT NULL,
  `subfamily_id` int(10) UNSIGNED NOT NULL,
  `name` varchar(50) NOT NULL,
  `type` varchar(20) NOT NULL,
  `flocculation` varchar(20) NOT NULL,
  `attenuation` varchar(20) NOT NULL,
  `temperature` varchar(20) NOT NULL,
  `flavour` text NOT NULL
) ENGINE=InnoDB DEFAULT CHARSET=utf8;

--
-- Dump dei dati per la tabella `ingridient_yiest`
--

INSERT INTO `ingridient_yiest` (`id`, `ingridient_id`, `family_id`, `subfamily_id`, `name`, `type`, `flocculation`, `attenuation`, `temperature`, `flavour`) VALUES
(2, 3, 1, 1, 'WYEAST AMERICAN ALE 1056', 'Liquid', 'Low/Med', '73-77%', '60-72°F, 15-22°C', 'Very clean, crisp flavor characteristics with low fruitiness and mild ester production. A very versatile yeast for styles that desire dominant malt and hop character. This strain makes a wonderful “House” strain. Mild citrus notes develop with cooler 60-66°F (15-19ºC) fermentations. Normally requires filtration for bright beers.'),
(3, 3, 1, 1, 'WYEAST AMERICAN ALE II 1272', 'Liquid', 'Medium', '72-76%', '60-72°F, 15-22°C', 'With many of the best qualities that brewers look for when brewing American styles of beer, this strain’s performance is consistent and it makes great beer. This versatile strain is a very good choice for a “House” strain. Expect a soft, clean profile with hints of nut, and a slightly tart finish. Ferment at warmer temperatures to accentuate hop character with an increased fruitiness. Or, ferment cool for a clean, light citrus character. It attenuates well and is reliably flocculent, producing bright beer without filtration.'),
(4, 3, 1, 1, 'WYEAST DENNY’S FAVORITE 50 1450', 'Liquid', 'Low', '74-76%', '60-70°F, 15-21°C', 'This terrific all-round yeast can be used for almost any beer style, and is a mainstay of one of Wyeast’s local homebrewers, Mr. Denny Conn. It is unique in that it produces a big mouthfeel and accentuates the malt, caramel, or fruit character of a beer without being sweet or under-attenuated.'),
(5, 3, 1, 1, 'WYEAST NORTHWEST ALE 1332', 'Liquid', 'High', '67-71%', '65-75°F, 18-24°C', 'One of the classic ale strains from a Northwest U.S. Brewery. It produces a malty and mildly fruity ale with good depth and complexity.'),
(6, 3, 1, 1, 'WYEAST RINGWOOD ALE 1187', 'Liquid', 'High', '68-72%', '64-74°F, 18-23°C', 'A top cropping yeast strain with unique fermentation and flavour characteristics. Expect distinct fruit esters with a malty, complex profile. Flocculation is high, and the beer will clear well without filtration. A thorough diacetyl rest is recommended after fermentation is complete. This strain can be a slow starter and fermenter.'),
(7, 3, 1, 1, 'SIEBEL INST. AMERICAN ALE BRY 96', 'Liquid', 'Medium', 'High', '64-72°F, 18-22°C', 'Clean ale strain'),
(8, 3, 1, 1, 'WHITE LABS AMERICAN ALE YEAST BLEND WLP060', 'Liquid', 'Medium', '72-80%', '68-72°F, 20-22°C', 'This blend celebrates the strengths of California- clean, neutral fermentation, versatile usage, and adds two other strains that belong to the same ‘clean/neutral’ flavor category. The additional strains create complexity to the finished beer. This blend tastes more lager like than WLP001. Hop flavors and bitterness are accentuated, but not to the extreme of California. Slight sulfur will be produced during fermentation.'),
(9, 3, 1, 1, 'WHITE LABS CALIFORNIA ALE V WLP051', 'Liquid', 'Med/High', '70-75%', '66-70°F, 18-21°C', 'From Northern California. This strain is more fruity than WLP001, and slightly more flocculent. Attenuation is lower, resulting in a fuller bodied beer than with WLP001.'),
(10, 3, 1, 1, 'WHITE LABS CALIFORNIA ALE WLP001', 'Liquid', 'Medium', '73-80%', '68-73°F, 20-23°C', 'This yeast is famous for its clean flavors, balance and ability to be used in almost any style ale. It accentuates the hop flavors and is extremely versatile.'),
(11, 3, 1, 1, 'WHITE LABS OLD SONOMA ALE WLP076', 'Liquid', 'Medium', '70-74%', '66-70°F, 18-21°C', 'Yeast from an historic brewery in Northern California, this strain was embraced by the early pioneers of craft beer in America and continues to be a great choice for those seeking to use a traditional British-style yeast. A neutral and versatile strain, it is a great choice for pale ales, porters, and stouts.'),
(12, 3, 1, 1, 'WHITE LABS PACIFIC ALE WLP041', 'Liquid', 'High', '65-70%', '65-68°F, 18-20°C', 'A popular ale yeast from the Pacific Northwest. The yeast will clear from the beer well, and leave a malty profile. More fruity than WLP002, English Ale Yeast. Good yeast for English style ales including milds, bitters, IPA, porters, and English style stouts.'),
(13, 3, 1, 1, 'WHITE LABS EAST COAST ALE WLP008', 'Liquid', 'Low/Med', '70-75%', '68-73°F, 20-23°C', 'White Labs’ “Brewer Patriot” strain can be used to reproduce many of the American versions of classic beer styles. Similar neutral character of WLP001, but less attenuation, less accentuation of hop bitterness, slightly less flocculation, and a little tartness. Very clean and low esters. Great yeast for golden, blonde, honey, pales and German alt style ales.'),
(14, 3, 1, 1, 'WHITE LABS EAST MIDLANDS ALE WLP039', 'Liquid', 'Med/High', '73-82%', '66-70°, 18-21°C', 'British style ale yeast with a very dry finish. Medium to low fruit and fusel alcohol production. Good top fermenting yeast strain, is well suited for top cropping (collecting). This yeast is well suited for pale ales, ambers, porters, and stouts.'),
(15, 3, 1, 1, 'WHITE LABS SAN DIEGO SUPER YEAST WLP090', 'Liquid', 'Med/High', '76-83%+', '65-68°F, 18-20°C', 'A super clean, super-fast fermenting strain. A low ester-producing strain that results in a balanced, neutral flavor and aroma profile. Alcohol-tolerant and very versatile for a wide variety of styles. Similar to California Ale Yeast WLP001 but it generally ferments faster.'),
(16, 3, 2, 1, 'WHITE LABS SAN FRANCISCO LAGER WLP810', 'Liquid', 'High', '65-70%', '58-65°F, 14-18°C', 'This yeast is used to produce the “California Common” style beer. A unique lager strain which has the ability to ferment up to 65 degrees while retaining lager characteristics. Can also be fermented down to 50 degrees for production of marzens, pilsners and other style lagers.'),
(17, 3, 1, 1, 'WHITE LABS NEUTRAL GRAIN WLP078', 'Liquid', 'Medium', '77-84%', '76-85°F, 24-29°C', 'Marked by a clean, fast fermentation, this strain is ideal for any neutral grain spirit. Alcohol and temperature tolerant. Used in high-gravity beers.'),
(18, 3, 1, 1, 'LALLEMAND AMERICAN WEST COAST ALE BRY-97', 'Dry', 'Medium', 'Med/High', '63°F, 17°C', 'Valued for its refermentation ability and is recommended for Cask and Bottle Conditioning. Does not produce flavours – conserves the original character of the beer.'),
(19, 3, 1, 1, 'BREWFERM TOP', 'Dry', 'Med/High', 'NA', '64-77°F, 18-25 °C', ' Universal top-fermenting beer yeast. Fast fermentation with low residual sugar. Formation of fruity esters.'),
(20, 3, 1, 1, 'COOPERS PURE BREWERS’ YEAST', 'Dry', 'Med/High', 'Med/High', '68-80°F, 20-27°C', 'An all-purpose dry ale yeast with a clean, round flavour profile. It produces a complex woody, fruity beer at warm temperatures More heat tolerant than other strains.'),
(21, 3, 1, 1, 'FERMENTIS US-05', 'Dry', 'Medium', '77-81%', '54-77°F, 12-25°C', 'American ale yeast producing well balanced beers with low diacetyl and a very clean, crisp end palate. Forms a firm foam head and presents a very good ability to stay in suspension during fermentation.'),
(22, 3, 1, 1, 'REAL BREWERS YEAST LUCKY #7', 'Liquid', 'High', '70-80%', '68-75°F, 20-24°C', 'Southern California ale yeast that ferments higher gravity worts up to 10% ABV. Dry and neutral with plumb and raisin notes.'),
(23, 3, 1, 1, 'MUNTONS PREMIUM GOLD', 'Dry', 'High', 'Hgih', '57-77°F, 14-25°C', 'Clean balanced ale yeast for 100% malt recipes.'),
(24, 3, 1, 1, 'MUNTONS STANDARD YEAST', 'Dry', 'High', 'High', '57-77°F, 14-25°C', 'Clean well balanced ale yeast.'),
(25, 3, 1, 1, 'EAST COAST YEAST NORTHEAST ALE ECY29', 'Liquid', 'High', 'High', '66-72°F, 19-22°C', 'Replication of the famous Conan strand of yeast. Unique strand with an abundance of citrusy esters accentuating American Style hops in and IPA, Double IPA, or strong ale.'),
(26, 3, 1, 1, 'EAST COAST YEAST OLD NEWARK ALE ECY10', 'Liquid', 'High', 'Low', '60-68°F, 15-20°C', 'Sourced from a now defunct east coast brewery, this pure strain was identified as the brewery’s ale pitching yeast. Good for all styles of American and English ales.'),
(27, 3, 1, 1, 'EAST COAST YEAST OLD NEWARK BEER ECY12', 'Liquid', 'Medium', 'Medium', '58-68°F, 15-20°C', 'Sourced from the same defunct east coast brewery as ECY10, this pure strain was used as the brewery’s “beer pitching yeast”. The strain has been identified as S. cerevisae, hence it is not a true lager strain, but should ferment at lager temperatures.'),
(28, 3, 1, 1, 'FERMENTIS SAFALE US-05', 'Dry', 'Medium', 'High', '59-72°F, 15-22°C', 'American ale yeast producing well balanced beers with low diacetyl and a very clean, crisp end palate. Forms a firm foam head and presents a very good ability to stay in suspension during fermentation.'),
(29, 3, 1, 1, 'FERMENTIS SAFBREW T-58', 'Dry', 'Low', '75%', '54-77°F, 12-25°C', 'Specialty yeast selected for its estery somewhat peppery and spicy flavor development. Yeast with a good sedimentation: forms no clumps but a\r\npowdery haze when resuspended in the beer.'),
(30, 3, 1, 1, 'REAL BREWERS YEAST THE ONE', 'Dry', 'High', '70-80%', '68-75°F, 20-24°C', 'This guy is a brewing workhorse. If you like the taste of Stone Pale Ales, Green Flash, and Sierra-type ales, then all you need is “The One”. Like most California ale yeasts, it prefers a higher fermentation temperature and flocculates nicely.'),
(31, 3, 1, 1, 'MANGROVE JACK US WEST COAST YEAST', 'Dry', 'High', 'High', '59-74°F, 18-23°C', 'A top fermenting ale strain suitable for American style ales. This yeast produces an exceptionally clean flavour, ideal for when you want the hop character to really punch through.'),
(32, 3, 1, 1, 'MANGROVE JACK WORKHORSE BEER YEAST', 'Dry', 'Medium', 'High', '59-68°F, 15-20°C', 'Produces a clean, crisp flavour suitable for a wide variety of styles with different fermenting temperatures. This versatile yeast is well suited to making cask or bottle conditioned beer.');

-- --------------------------------------------------------

--
-- Struttura della tabella `ingridient_yiest_family`
--

CREATE TABLE `ingridient_yiest_family` (
  `id` int(10) UNSIGNED NOT NULL,
  `ingridient_it` int(10) UNSIGNED NOT NULL,
  `name` varchar(20) NOT NULL,
  `description` text
) ENGINE=InnoDB DEFAULT CHARSET=utf8;

--
-- Dump dei dati per la tabella `ingridient_yiest_family`
--

INSERT INTO `ingridient_yiest_family` (`id`, `ingridient_it`, `name`, `description`) VALUES
(1, 3, 'Ale', 'Ale yeasts rise to the top of the fermenter during fermentation, hence the reason we call them “top-fermenting.” You’ll notice that this yeast creates a thick, yeast head at the top of the carboy in early fermentation. For home brewers, these yeasts are quite practical, as they ferment at temperature ranges between 10 to 25°C, depending on the strain. Most have an ideal temperature range of 18 to 22°C, which is reasonably easy for most of us to maintain, thanks to winter heating and summer air conditioning. You would use top-fermenting yeasts to brew ales, stouts, porters, wheat beers, Altbier, and Kölsch.'),
(2, 3, 'Lager', 'You guessed it, lager yeasts (sort of) ferment at the bottom of the fermenter. Temperature plays a big role in this. Lager yeasts do their thing at colder temperatures than top-fermenting strains, usually at temperature ranges between 7 to 15°C. As such, the yeasts don’t reproduce as quickly as their ale cousins and tend to settle at the bottom before ever making it to the top of the fermenter. And because lager yeasts ferment at colder temperatures, they inhibit the production of chemical products or off-flavours that can be pronounced in ales. This is why, for so long, we’ve identified a “cleaner” taste with lagers. You would use bottom-fermenting yeasts to brew Lagers, Pilsners, Bocks, Märzen, and Dortmunders, among others.');

-- --------------------------------------------------------

--
-- Struttura della tabella `ingridient_yiest_subfamily`
--

CREATE TABLE `ingridient_yiest_subfamily` (
  `id` int(10) UNSIGNED NOT NULL,
  `ingridient_id` int(10) UNSIGNED NOT NULL,
  `family_id` int(10) UNSIGNED NOT NULL,
  `name` varchar(30) NOT NULL,
  `description` text NOT NULL
) ENGINE=InnoDB DEFAULT CHARSET=utf8;

--
-- Dump dei dati per la tabella `ingridient_yiest_subfamily`
--

INSERT INTO `ingridient_yiest_subfamily` (`id`, `ingridient_id`, `family_id`, `name`, `description`) VALUES
(1, 3, 1, 'American Ale', 'This one’s considered a jack-of-all-trades, an all-purpose yeast that produces a clean and neutral character. It’s durable yeast—it can handle temperatures as low as 13°C. It typically has medium attenuation and low to medium flocculation. Here are the most common strains available, by lab, and the manufacturers’ flavor profiles.'),
(2, 3, 1, 'Belgian Ale', 'These yeasts produce pronounced fruity and estery character, often with hints of clove or phenolic notes. Of course, since these yeasts are predominantly used to brew Belgian beers, they have a high alcohol tolerance. If you love Abbey or Trappist beers, you’ll need one of these yeasts.'),
(3, 3, 1, 'British Ale', 'Gosh, where do we begin? This group is pretty versatile.  London yeasts will give you a slightly more diacetyl or woody note, with a crisp, somewhat tart impression. Full-bodied yeasts will give you the fruitiness you’d expect from many English ales. And of course, you have Scottish yeasts which will accentuate the malty notes of your beer. If you’re looking to re-create a classic English Pub taste, you’ll want to start here.'),
(4, 3, 1, 'Belgian Lambic/Sour Ale', 'Sour beers aren’t for everyone, but if you’re willing to experiment and have some fun, sour beers make for quite an adventure in brewing. You’ll produce beers that are intentionally acidic and tart, with an obviously sour taste. So, if you’re in the mood for Belgian lambic, a Gueze or a Flanders ale, you’ll need one of these yeasts.'),
(5, 3, 1, 'Barleywine/Imperial Stout', 'These beers pack a punch, usually hitting the 8-12% ABV mark, hence the word wine. Barleywines are, of course, beers. Just strong ones at that. Same with Imperial stouts, which are intensely malty and deeply roasted. In any case, when you get to ABV levels of this kind, you need a yeast strain that can cope in that environment. These ones are built tough for the job.'),
(6, 3, 1, 'India Pale Ales', 'Given how popular IPAs are, it deserves its own category. Keep in mind, however, that a category as popular as this one has a wide spectrum of styles. While we often get hung up on the hop varieties and intensities (heck, that’s why most of us love IPAs), to make a kick-ass IPA, you’ll want to pick the right yeast strain to bring it all together and lend your beer some balance.'),
(7, 3, 1, 'Brown Ale', 'Like IPAs, this too is becoming an ever broadening category. Now you can find hoppy and bitter brown ales along maltier, nuttier versions. Brown ales are a surprisingly blank canvas to work from, with perhaps only the colour being (somewhat) a constant among all variations. Brown ales might not get all the glory and attention that IPAs get right now, but you really can’t beat a delicious brown ale. Give it a try for your next brew, using one of these yeast strains.'),
(8, 3, 1, 'Kölsch and Altbier', 'True to their style, Kölsch yeasts have good attenuation and lend the beer a crisp, clean finish, while giving profile to the malt/cereal characteristics that makes Kölsch a German favorite. Altbiers are darker than Kölsch and yield a smooth brew with medium carbonation and a good balance between malts and hops. Whether you’re going light or dark, you’ll need one of these strains to make your very own German ale.'),
(9, 3, 1, 'Stouts and Porters', 'Think you can make a better Irish stout than the folks at Guinness? Or are you hankering to try your hand at your own oyster stout? Do you have some fancy South American chocolate or coffee you want to toss into a dark brew? You’ll likely need one of these yeast strains to make your next epic stout or porter.'),
(10, 3, 1, 'Wheat Beer', 'Just as sure as the sun rises, those of us living in cold climates will instantly order a tall glass of hefeweizen on the first day patios open. There’s nothing quite like sipping on a delicious wheat beer with overtones of banana and clove as you take in some sun after months spent in hibernation. Orange slice completely optional! Of course, you don’t need to wait for patio season. Any excuse will work, frankly.');

-- --------------------------------------------------------

--
-- Struttura della tabella `mashing_config`
--

CREATE TABLE `mashing_config` (
  `id` int(10) UNSIGNED NOT NULL,
  `starting_time` timestamp NOT NULL DEFAULT CURRENT_TIMESTAMP,
  `ending_time` timestamp NULL DEFAULT NULL,
  `heater` tinyint(1) DEFAULT NULL,
  `pump` tinyint(1) DEFAULT NULL
) ENGINE=InnoDB DEFAULT CHARSET=utf8;

--
-- Dump dei dati per la tabella `mashing_config`
--

INSERT INTO `mashing_config` (`id`, `starting_time`, `ending_time`, `heater`, `pump`) VALUES
(13, '2017-12-11 10:32:13', '2017-12-11 10:32:26', NULL, 0),
(14, '2017-12-11 10:34:27', '2017-12-11 10:34:56', NULL, 0),
(15, '2017-12-11 10:36:56', '2017-12-11 10:37:08', NULL, 0),
(16, '2017-12-11 10:39:33', '2017-12-11 10:39:46', NULL, 0),
(17, '2017-12-11 10:40:33', '2017-12-11 10:40:50', NULL, 0),
(18, '2017-12-11 10:41:38', '2017-12-11 10:43:08', NULL, 0),
(20, '2017-12-11 11:11:44', '2017-12-11 11:12:43', NULL, 0),
(21, '2017-12-11 11:14:05', '2017-12-11 11:14:05', NULL, 0),
(29, '2017-12-12 18:50:27', '2017-12-12 18:50:40', NULL, 0),
(30, '2017-12-12 19:01:46', '2017-12-12 19:02:05', NULL, 0),
(32, '2017-12-14 12:58:32', '2017-12-14 13:02:36', NULL, 1),
(33, '2017-12-14 12:58:40', '2017-12-14 12:59:18', NULL, 0),
(35, '2017-12-14 13:03:42', '2017-12-14 13:04:18', NULL, 0),
(36, '2017-12-14 14:22:01', '2017-12-14 14:24:00', NULL, 0),
(37, '2017-12-14 15:44:32', '2017-12-14 15:45:24', NULL, 0),
(39, '2017-12-14 17:46:10', '2017-12-14 17:46:16', NULL, 0),
(46, '2017-12-14 18:14:45', '2017-12-14 18:14:54', NULL, 0),
(47, '2017-12-15 15:58:49', '2017-12-15 16:00:55', NULL, 0),
(48, '2017-12-15 16:36:18', '2017-12-15 16:37:58', NULL, 0);

-- --------------------------------------------------------

--
-- Struttura della tabella `mashing_step`
--

CREATE TABLE `mashing_step` (
  `id` int(10) UNSIGNED NOT NULL,
  `target_temp` decimal(4,1) NOT NULL,
  `minutes` int(10) UNSIGNED DEFAULT NULL,
  `step_number` int(10) UNSIGNED DEFAULT NULL
) ENGINE=InnoDB DEFAULT CHARSET=utf8;

--
-- Dump dei dati per la tabella `mashing_step`
--

INSERT INTO `mashing_step` (`id`, `target_temp`, `minutes`, `step_number`) VALUES
(13, '0.0', NULL, 1),
(14, '0.0', NULL, 1),
(15, '100.0', NULL, 1),
(16, '67.0', NULL, 1),
(17, '67.0', NULL, 1),
(18, '78.0', NULL, 1),
(20, '19.0', NULL, 1),
(21, '23.5', NULL, 1),
(29, '67.0', NULL, 1),
(30, '67.0', NULL, 1),
(32, '8.0', NULL, 1),
(33, '67.0', NULL, 1),
(35, '8.0', NULL, 1),
(36, '67.0', NULL, 1),
(37, '67.0', NULL, 1),
(39, '67.0', NULL, 1),
(46, '67.0', NULL, 1),
(47, '67.0', NULL, 1),
(48, '67.0', NULL, 1);

-- --------------------------------------------------------

--
-- Struttura della tabella `mashing_temp`
--

CREATE TABLE `mashing_temp` (
  `timestamp` timestamp NOT NULL DEFAULT CURRENT_TIMESTAMP,
  `id` int(10) UNSIGNED NOT NULL,
  `temperature` decimal(4,1) NOT NULL,
  `heated` tinyint(1) DEFAULT NULL,
  `pump_recirculated` tinyint(1) DEFAULT NULL
) ENGINE=InnoDB DEFAULT CHARSET=utf8;

--
-- Dump dei dati per la tabella `mashing_temp`
--

INSERT INTO `mashing_temp` (`timestamp`, `id`, `temperature`, `heated`, `pump_recirculated`) VALUES
('2017-12-11 10:32:15', 13, '19.2', 0, 0),
('2017-12-11 10:32:18', 13, '19.2', 0, 0),
('2017-12-11 10:32:21', 13, '19.2', 0, 0),
('2017-12-11 10:32:24', 13, '19.2', 0, 0),
('2017-12-11 10:32:27', 13, '19.2', 0, 0),
('2017-12-11 10:34:29', 14, '19.2', 0, 0),
('2017-12-11 10:34:32', 14, '19.2', 0, 0),
('2017-12-11 10:34:35', 14, '19.2', 0, 0),
('2017-12-11 10:34:38', 14, '19.3', 0, 0),
('2017-12-11 10:34:41', 14, '19.3', 0, 0),
('2017-12-11 10:34:44', 14, '19.3', 0, 0),
('2017-12-11 10:34:47', 14, '19.3', 0, 0),
('2017-12-11 10:34:49', 14, '19.3', 0, 0),
('2017-12-11 10:34:52', 14, '19.3', 0, 0),
('2017-12-11 10:34:55', 14, '19.3', 0, 0),
('2017-12-11 10:36:58', 15, '19.3', 1, 0),
('2017-12-11 10:37:01', 15, '19.3', 1, 0),
('2017-12-11 10:37:04', 15, '19.3', 1, 0),
('2017-12-11 10:37:07', 15, '19.3', 1, 0),
('2017-12-11 10:39:34', 16, '19.3', 1, 0),
('2017-12-11 10:39:37', 16, '19.4', 1, 0),
('2017-12-11 10:39:40', 16, '19.4', 1, 0),
('2017-12-11 10:39:43', 16, '19.4', 1, 0),
('2017-12-11 10:39:46', 16, '19.4', 1, 0),
('2017-12-11 10:40:35', 17, '19.3', 1, 0),
('2017-12-11 10:40:38', 17, '19.4', 1, 0),
('2017-12-11 10:40:41', 17, '19.4', 1, 0),
('2017-12-11 10:40:44', 17, '19.4', 1, 0),
('2017-12-11 10:40:47', 17, '19.4', 1, 0),
('2017-12-11 10:40:50', 17, '19.4', 1, 0),
('2017-12-11 10:41:39', 18, '19.4', 1, 0),
('2017-12-11 10:41:42', 18, '19.4', 1, 0),
('2017-12-11 10:41:45', 18, '19.4', 1, 0),
('2017-12-11 10:41:48', 18, '19.4', 1, 0),
('2017-12-11 10:41:51', 18, '19.7', 1, 0),
('2017-12-11 10:41:54', 18, '19.9', 1, 0),
('2017-12-11 10:41:57', 18, '20.1', 1, 0),
('2017-12-11 10:42:00', 18, '20.2', 1, 0),
('2017-12-11 10:42:02', 18, '20.3', 1, 0),
('2017-12-11 10:42:05', 18, '20.3', 1, 0),
('2017-12-11 10:42:08', 18, '20.3', 1, 0),
('2017-12-11 10:42:11', 18, '20.2', 1, 0),
('2017-12-11 10:42:14', 18, '20.1', 1, 0),
('2017-12-11 10:42:17', 18, '20.1', 1, 0),
('2017-12-11 10:42:20', 18, '20.1', 1, 0),
('2017-12-11 10:42:23', 18, '20.1', 1, 0),
('2017-12-11 10:42:26', 18, '20.0', 1, 0),
('2017-12-11 10:42:29', 18, '20.0', 0, 0),
('2017-12-11 10:42:31', 18, '20.0', 0, 0),
('2017-12-11 10:42:34', 18, '19.9', 0, 0),
('2017-12-11 10:42:37', 18, '20.0', 0, 0),
('2017-12-11 10:42:40', 18, '19.9', 0, 0),
('2017-12-11 10:42:43', 18, '19.9', 0, 1),
('2017-12-11 10:42:46', 18, '19.9', 0, 0),
('2017-12-11 10:42:49', 18, '19.9', 0, 0),
('2017-12-11 10:42:52', 18, '19.9', 1, 0),
('2017-12-11 10:42:55', 18, '19.9', 1, 0),
('2017-12-11 10:42:57', 18, '19.9', 1, 0),
('2017-12-11 10:43:00', 18, '19.9', 1, 0),
('2017-12-11 10:43:03', 18, '19.9', 1, 0),
('2017-12-11 10:43:06', 18, '19.9', 1, 0),
('2017-12-11 11:11:45', 20, '19.9', 1, 0),
('2017-12-11 11:11:48', 20, '19.9', 1, 0),
('2017-12-11 11:11:51', 20, '19.9', 1, 0),
('2017-12-11 11:11:54', 20, '19.9', 1, 0),
('2017-12-11 11:11:57', 20, '19.9', 1, 0),
('2017-12-11 11:12:00', 20, '19.9', 1, 0),
('2017-12-11 11:12:03', 20, '19.9', 1, 0),
('2017-12-11 11:12:05', 20, '19.9', 1, 0),
('2017-12-11 11:12:08', 20, '19.9', 1, 0),
('2017-12-11 11:12:11', 20, '19.9', 0, 0),
('2017-12-11 11:12:14', 20, '19.9', 0, 0),
('2017-12-11 11:12:17', 20, '19.9', 0, 0),
('2017-12-11 11:12:20', 20, '19.9', 0, 0),
('2017-12-11 11:12:23', 20, '19.9', 0, 0),
('2017-12-11 11:12:26', 20, '19.9', 1, 0),
('2017-12-11 11:12:29', 20, '19.9', 1, 0),
('2017-12-11 11:12:32', 20, '19.9', 0, 0),
('2017-12-11 11:12:34', 20, '19.9', 0, 0),
('2017-12-11 11:12:37', 20, '19.9', 0, 0),
('2017-12-11 11:12:40', 20, '19.9', 0, 0),
('2017-12-11 11:12:43', 20, '19.9', 0, 0),
('2017-12-11 11:14:07', 21, '19.9', 1, 0),
('2017-12-11 11:14:10', 21, '19.9', 1, 0),
('2017-12-11 11:14:13', 21, '19.9', 1, 0),
('2017-12-11 11:14:15', 21, '19.9', 1, 0),
('2017-12-11 11:14:18', 21, '19.9', 1, 0),
('2017-12-11 11:14:21', 21, '19.9', 0, 0),
('2017-12-11 11:14:24', 21, '19.9', 0, 0),
('2017-12-11 11:14:27', 21, '19.9', 1, 0),
('2017-12-11 11:14:30', 21, '19.9', 1, 0),
('2017-12-11 11:14:33', 21, '19.9', 1, 0),
('2017-12-11 11:14:36', 21, '19.9', 0, 0),
('2017-12-11 11:14:39', 21, '19.9', 0, 0),
('2017-12-11 11:14:42', 21, '19.9', 0, 0),
('2017-12-11 11:14:45', 21, '19.9', 1, 0),
('2017-12-11 11:14:47', 21, '19.9', 1, 1),
('2017-12-11 11:14:50', 21, '19.9', 1, 1),
('2017-12-11 11:14:53', 21, '19.9', 1, 0),
('2017-12-11 11:14:56', 21, '19.9', 1, 0),
('2017-12-11 11:14:59', 21, '19.9', 1, 0),
('2017-12-11 11:15:02', 21, '19.9', 1, 0),
('2017-12-11 11:15:05', 21, '19.9', 1, 0),
('2017-12-12 18:50:29', 29, '19.9', 1, 0),
('2017-12-12 18:50:32', 29, '19.9', 1, 0),
('2017-12-12 18:50:35', 29, '19.9', 1, 0),
('2017-12-12 18:50:38', 29, '19.9', 1, 0),
('2017-12-12 19:01:48', 30, '19.9', 1, 0),
('2017-12-12 19:01:51', 30, '19.9', 1, 0),
('2017-12-12 19:01:54', 30, '19.9', 1, 0),
('2017-12-12 19:01:56', 30, '19.9', 1, 0),
('2017-12-12 19:01:59', 30, '19.9', 1, 0),
('2017-12-12 19:02:02', 30, '19.9', 1, 0),
('2017-12-12 19:02:05', 30, '19.9', 1, 0),
('2017-12-14 12:58:33', 32, '18.9', 1, 0),
('2017-12-14 12:58:36', 32, '18.9', 1, 0),
('2017-12-14 12:58:39', 32, '19.1', 1, 0),
('2017-12-14 12:58:42', 32, '19.6', 1, 0),
('2017-12-14 12:58:45', 32, '20.1', 1, 0),
('2017-12-14 12:58:48', 32, '20.6', 1, 0),
('2017-12-14 12:58:51', 32, '21.3', 1, 0),
('2017-12-14 12:58:54', 32, '21.9', 1, 0),
('2017-12-14 12:58:56', 32, '22.3', 1, 0),
('2017-12-14 12:58:59', 32, '22.4', 1, 0),
('2017-12-14 12:59:02', 32, '22.4', 1, 0),
('2017-12-14 12:59:05', 32, '22.4', 1, 0),
('2017-12-14 12:59:08', 32, '22.4', 1, 0),
('2017-12-14 12:59:11', 32, '22.3', 1, 0),
('2017-12-14 12:59:14', 32, '22.3', 1, 0),
('2017-12-14 12:59:17', 32, '22.2', 1, 0),
('2017-12-14 12:59:20', 32, '22.2', 1, 0),
('2017-12-14 12:59:23', 32, '22.1', 1, 0),
('2017-12-14 12:59:25', 32, '22.1', 1, 0),
('2017-12-14 12:59:28', 32, '22.1', 1, 0),
('2017-12-14 12:59:31', 32, '22.0', 1, 0),
('2017-12-14 12:59:34', 32, '21.9', 1, 0),
('2017-12-14 12:59:37', 32, '21.9', 1, 0),
('2017-12-14 12:59:40', 32, '21.9', 1, 0),
('2017-12-14 12:59:43', 32, '21.9', 1, 0),
('2017-12-14 12:59:46', 32, '21.9', 1, 0),
('2017-12-14 12:59:49', 32, '21.8', 1, 0),
('2017-12-14 12:59:51', 32, '21.8', 1, 0),
('2017-12-14 12:59:54', 32, '21.8', 1, 0),
('2017-12-14 12:59:57', 32, '22.7', 1, 0),
('2017-12-14 13:00:00', 32, '24.3', 1, 0),
('2017-12-14 13:00:03', 32, '25.6', 1, 0),
('2017-12-14 13:00:06', 32, '26.6', 1, 0),
('2017-12-14 13:00:09', 32, '27.4', 1, 0),
('2017-12-14 13:00:12', 32, '28.0', 1, 0),
('2017-12-14 13:00:15', 32, '28.5', 1, 0),
('2017-12-14 13:00:17', 32, '28.9', 1, 0),
('2017-12-14 13:00:20', 32, '29.3', 1, 0),
('2017-12-14 13:00:23', 32, '29.5', 1, 0),
('2017-12-14 13:00:26', 32, '29.8', 1, 0),
('2017-12-14 13:00:29', 32, '29.9', 1, 0),
('2017-12-14 13:00:32', 32, '30.1', 1, 0),
('2017-12-14 13:00:35', 32, '30.3', 1, 0),
('2017-12-14 13:00:38', 32, '30.4', 1, 0),
('2017-12-14 13:00:40', 32, '30.5', 1, 0),
('2017-12-14 13:00:43', 32, '30.4', 1, 0),
('2017-12-14 13:00:46', 32, '30.1', 1, 0),
('2017-12-14 13:00:49', 32, '29.8', 1, 0),
('2017-12-14 13:00:52', 32, '29.6', 1, 0),
('2017-12-14 13:00:55', 32, '29.3', 1, 0),
('2017-12-14 13:00:58', 32, '29.0', 1, 0),
('2017-12-14 13:01:01', 32, '28.8', 1, 0),
('2017-12-14 13:01:04', 32, '28.6', 1, 0),
('2017-12-14 13:01:07', 32, '28.3', 1, 0),
('2017-12-14 13:01:09', 32, '28.1', 1, 0),
('2017-12-14 13:01:12', 32, '28.0', 1, 0),
('2017-12-14 13:01:15', 32, '27.8', 1, 0),
('2017-12-14 13:01:18', 32, '27.6', 1, 0),
('2017-12-14 13:01:21', 32, '27.4', 1, 0),
('2017-12-14 13:01:24', 32, '27.3', 1, 0),
('2017-12-14 13:01:27', 32, '27.1', 1, 0),
('2017-12-14 13:01:30', 32, '26.9', 1, 0),
('2017-12-14 13:01:33', 32, '26.7', 1, 0),
('2017-12-14 13:01:36', 32, '26.6', 1, 0),
('2017-12-14 13:01:38', 32, '26.4', 1, 0),
('2017-12-14 13:01:41', 32, '26.3', 1, 0),
('2017-12-14 13:01:44', 32, '26.1', 1, 0),
('2017-12-14 13:01:47', 32, '26.0', 1, 0),
('2017-12-14 13:01:50', 32, '25.9', 1, 0),
('2017-12-14 13:01:53', 32, '25.8', 1, 0),
('2017-12-14 13:01:56', 32, '25.7', 1, 0),
('2017-12-14 13:01:59', 32, '25.6', 1, 0),
('2017-12-14 13:02:02', 32, '25.5', 1, 0),
('2017-12-14 13:02:05', 32, '25.4', 1, 1),
('2017-12-14 13:02:07', 32, '25.3', 1, 1),
('2017-12-14 13:02:10', 32, '25.3', 1, 1),
('2017-12-14 13:02:13', 32, '25.1', 1, 1),
('2017-12-14 13:02:16', 32, '25.1', 1, 1),
('2017-12-14 13:02:19', 32, '25.0', 0, 1),
('2017-12-14 13:02:22', 32, '24.9', 0, 1),
('2017-12-14 13:02:25', 32, '24.8', 0, 1),
('2017-12-14 13:02:28', 32, '24.8', 0, 1),
('2017-12-14 13:02:31', 32, '24.7', 0, 1),
('2017-12-14 13:02:33', 32, '24.6', 0, 1),
('2017-12-14 13:02:36', 32, '24.5', 0, 1),
('2017-12-14 13:03:43', 35, '23.1', 1, 0),
('2017-12-14 13:03:46', 35, '23.0', 1, 0),
('2017-12-14 13:03:49', 35, '23.0', 1, 0),
('2017-12-14 13:03:52', 35, '22.9', 1, 0),
('2017-12-14 13:03:55', 35, '22.9', 1, 0),
('2017-12-14 13:03:58', 35, '22.8', 1, 0),
('2017-12-14 13:04:01', 35, '22.8', 1, 0),
('2017-12-14 13:04:04', 35, '22.8', 0, 0),
('2017-12-14 13:04:06', 35, '22.8', 0, 0),
('2017-12-14 13:04:09', 35, '22.6', 0, 1),
('2017-12-14 13:04:12', 35, '22.6', 0, 0),
('2017-12-14 13:04:15', 35, '22.6', 0, 0),
('2017-12-14 13:04:18', 35, '22.5', 0, 0),
('2017-12-14 14:22:02', 36, '22.5', 1, 0),
('2017-12-14 14:22:05', 36, '20.0', 1, 0),
('2017-12-14 14:22:08', 36, '20.0', 1, 0),
('2017-12-14 14:22:11', 36, '20.0', 1, 0),
('2017-12-14 14:22:14', 36, '20.0', 1, 0),
('2017-12-14 14:22:17', 36, '20.0', 1, 0),
('2017-12-14 14:22:20', 36, '20.0', 1, 0),
('2017-12-14 14:22:23', 36, '20.0', 1, 0),
('2017-12-14 14:22:26', 36, '20.0', 1, 0),
('2017-12-14 14:22:28', 36, '20.1', 1, 0),
('2017-12-14 14:22:31', 36, '20.1', 1, 0),
('2017-12-14 14:22:34', 36, '20.1', 1, 0),
('2017-12-14 14:22:37', 36, '20.1', 1, 0),
('2017-12-14 14:22:40', 36, '20.1', 1, 0),
('2017-12-14 14:22:43', 36, '20.1', 1, 0),
('2017-12-14 14:22:46', 36, '20.1', 1, 0),
('2017-12-14 14:22:49', 36, '20.1', 1, 0),
('2017-12-14 14:22:52', 36, '20.1', 1, 0),
('2017-12-14 14:22:54', 36, '20.1', 1, 0),
('2017-12-14 14:22:57', 36, '20.1', 1, 0),
('2017-12-14 14:23:00', 36, '20.2', 1, 0),
('2017-12-14 14:23:03', 36, '20.8', 1, 0),
('2017-12-14 14:23:06', 36, '21.3', 1, 0),
('2017-12-14 14:23:09', 36, '21.7', 1, 0),
('2017-12-14 14:23:12', 36, '22.5', 1, 0),
('2017-12-14 14:23:15', 36, '24.1', 1, 0),
('2017-12-14 14:23:18', 36, '25.0', 1, 0),
('2017-12-14 14:23:20', 36, '26.1', 1, 0),
('2017-12-14 14:23:23', 36, '26.6', 1, 0),
('2017-12-14 14:23:26', 36, '27.4', 1, 0),
('2017-12-14 14:23:29', 36, '28.1', 1, 0),
('2017-12-14 14:23:32', 36, '29.0', 1, 0),
('2017-12-14 14:23:35', 36, '29.2', 1, 0),
('2017-12-14 14:23:38', 36, '29.6', 1, 0),
('2017-12-14 14:23:41', 36, '29.9', 1, 0),
('2017-12-14 14:23:44', 36, '29.3', 1, 0),
('2017-12-14 14:23:47', 36, '28.6', 1, 0),
('2017-12-14 14:23:50', 36, '28.5', 1, 0),
('2017-12-14 14:23:53', 36, '28.2', 1, 0),
('2017-12-14 14:23:56', 36, '27.7', 1, 0),
('2017-12-14 14:23:58', 36, '27.3', 1, 0),
('2017-12-14 15:44:33', 37, '19.6', 1, 0),
('2017-12-14 15:44:36', 37, '19.6', 1, 0),
('2017-12-14 15:44:39', 37, '19.6', 1, 0),
('2017-12-14 15:44:42', 37, '19.6', 1, 0),
('2017-12-14 15:44:45', 37, '19.6', 1, 0),
('2017-12-14 15:44:48', 37, '19.6', 1, 0),
('2017-12-14 15:44:51', 37, '19.6', 1, 0),
('2017-12-14 15:44:54', 37, '19.6', 1, 0),
('2017-12-14 15:44:57', 37, '19.7', 1, 0),
('2017-12-14 15:44:59', 37, '19.7', 1, 0),
('2017-12-14 15:45:02', 37, '19.7', 1, 0),
('2017-12-14 15:45:05', 37, '19.6', 1, 0),
('2017-12-14 15:45:08', 37, '19.6', 1, 0),
('2017-12-14 15:45:11', 37, '19.6', 1, 0),
('2017-12-14 15:45:14', 37, '19.6', 1, 0),
('2017-12-14 15:45:17', 37, '19.6', 1, 0),
('2017-12-14 15:45:20', 37, '19.6', 1, 0),
('2017-12-14 15:45:23', 37, '19.6', 1, 0),
('2017-12-14 17:46:12', 39, '20.4', 1, 0),
('2017-12-14 17:46:15', 39, '20.4', 1, 0),
('2017-12-14 18:14:47', 46, '20.1', 1, 0),
('2017-12-14 18:14:50', 46, '20.1', 1, 0),
('2017-12-14 18:14:53', 46, '20.1', 1, 0),
('2017-12-15 15:58:51', 47, '18.8', 1, 0),
('2017-12-15 15:58:54', 47, '18.8', 1, 0),
('2017-12-15 15:58:56', 47, '18.8', 1, 0),
('2017-12-15 15:58:59', 47, '18.8', 1, 0),
('2017-12-15 15:59:02', 47, '18.8', 1, 0),
('2017-12-15 15:59:05', 47, '18.8', 1, 0),
('2017-12-15 15:59:08', 47, '19.4', 1, 0),
('2017-12-15 15:59:11', 47, '20.1', 1, 0),
('2017-12-15 15:59:14', 47, '20.3', 1, 0),
('2017-12-15 15:59:17', 47, '20.3', 1, 0),
('2017-12-15 15:59:20', 47, '20.4', 1, 0),
('2017-12-15 15:59:23', 47, '20.4', 1, 0),
('2017-12-15 15:59:26', 47, '20.4', 1, 0),
('2017-12-15 15:59:29', 47, '20.4', 1, 0),
('2017-12-15 15:59:32', 47, '20.4', 1, 0),
('2017-12-15 15:59:35', 47, '20.6', 1, 0),
('2017-12-15 15:59:38', 47, '20.8', 1, 0),
('2017-12-15 15:59:41', 47, '20.9', 1, 0),
('2017-12-15 15:59:44', 47, '21.1', 1, 0),
('2017-12-15 15:59:47', 47, '21.1', 1, 0),
('2017-12-15 15:59:50', 47, '22.1', 1, 0),
('2017-12-15 15:59:53', 47, '23.9', 1, 0),
('2017-12-15 15:59:56', 47, '25.1', 1, 0),
('2017-12-15 15:59:59', 47, '25.4', 1, 0),
('2017-12-15 16:00:02', 47, '25.4', 1, 0),
('2017-12-15 16:00:05', 47, '25.1', 1, 0),
('2017-12-15 16:00:08', 47, '24.7', 1, 0),
('2017-12-15 16:00:10', 47, '24.4', 1, 0),
('2017-12-15 16:00:13', 47, '24.1', 1, 0),
('2017-12-15 16:00:16', 47, '23.9', 1, 0),
('2017-12-15 16:00:19', 47, '23.7', 1, 0),
('2017-12-15 16:00:22', 47, '23.6', 1, 0),
('2017-12-15 16:00:25', 47, '23.4', 1, 0),
('2017-12-15 16:00:28', 47, '23.2', 1, 0),
('2017-12-15 16:00:31', 47, '23.1', 1, 0),
('2017-12-15 16:00:34', 47, '22.9', 1, 0),
('2017-12-15 16:00:37', 47, '22.8', 1, 0),
('2017-12-15 16:00:40', 47, '22.8', 1, 0),
('2017-12-15 16:00:43', 47, '22.6', 1, 0),
('2017-12-15 16:00:46', 47, '22.6', 1, 0),
('2017-12-15 16:00:49', 47, '22.5', 1, 0),
('2017-12-15 16:00:52', 47, '22.4', 1, 0),
('2017-12-15 16:00:55', 47, '22.3', 1, 0),
('2017-12-15 16:36:20', 48, '20.5', 1, 0),
('2017-12-15 16:36:22', 48, '20.5', 1, 0),
('2017-12-15 16:36:25', 48, '20.5', 1, 0),
('2017-12-15 16:36:28', 48, '20.5', 1, 0),
('2017-12-15 16:36:31', 48, '20.5', 1, 0),
('2017-12-15 16:36:35', 48, '20.5', 1, 0),
('2017-12-15 16:36:38', 48, '20.5', 1, 0),
('2017-12-15 16:36:41', 48, '20.5', 1, 0),
('2017-12-15 16:36:44', 48, '20.5', 1, 0),
('2017-12-15 16:36:47', 48, '20.5', 1, 0),
('2017-12-15 16:36:50', 48, '20.5', 1, 0),
('2017-12-15 16:36:53', 48, '20.5', 1, 0),
('2017-12-15 16:36:56', 48, '20.5', 1, 0),
('2017-12-15 16:36:59', 48, '20.5', 1, 0),
('2017-12-15 16:37:02', 48, '20.5', 1, 0),
('2017-12-15 16:37:05', 48, '20.5', 1, 0),
('2017-12-15 16:37:08', 48, '20.5', 1, 0),
('2017-12-15 16:37:11', 48, '20.5', 1, 0),
('2017-12-15 16:37:14', 48, '20.5', 1, 0),
('2017-12-15 16:37:17', 48, '20.5', 1, 0),
('2017-12-15 16:37:20', 48, '20.9', 1, 0),
('2017-12-15 16:37:23', 48, '22.8', 1, 0),
('2017-12-15 16:37:26', 48, '24.5', 1, 0),
('2017-12-15 16:37:28', 48, '25.8', 1, 0),
('2017-12-15 16:37:31', 48, '26.8', 1, 0),
('2017-12-15 16:37:34', 48, '27.6', 1, 0),
('2017-12-15 16:37:37', 48, '28.3', 1, 0),
('2017-12-15 16:37:40', 48, '28.8', 1, 0),
('2017-12-15 16:37:43', 48, '29.3', 1, 0),
('2017-12-15 16:37:46', 48, '29.6', 1, 0),
('2017-12-15 16:37:49', 48, '29.9', 1, 0),
('2017-12-15 16:37:52', 48, '30.2', 1, 0),
('2017-12-15 16:37:55', 48, '30.5', 1, 0),
('2017-12-15 16:37:58', 48, '30.6', 1, 0);

-- --------------------------------------------------------

--
-- Struttura della tabella `system_config`
--

CREATE TABLE `system_config` (
  `id` int(10) UNSIGNED NOT NULL,
  `telegram` tinyint(1) NOT NULL DEFAULT '0'
) ENGINE=InnoDB DEFAULT CHARSET=utf8;

--
-- Dump dei dati per la tabella `system_config`
--

INSERT INTO `system_config` (`id`, `telegram`) VALUES
(1, 1);

-- --------------------------------------------------------

--
-- Struttura della tabella `system_config_telegram_gatekeeper`
--

CREATE TABLE `system_config_telegram_gatekeeper` (
  `id` int(10) UNSIGNED NOT NULL,
  `token` varchar(255) NOT NULL,
  `user_id` varchar(255) NOT NULL
) ENGINE=InnoDB DEFAULT CHARSET=utf8;

--
-- Dump dei dati per la tabella `system_config_telegram_gatekeeper`
--

INSERT INTO `system_config_telegram_gatekeeper` (`id`, `token`, `user_id`) VALUES
(1, '458737458:AAHskrQVsMN32bBeexZcruDK3x9hz8vmhaY', '114104929');

-- --------------------------------------------------------

--
-- Struttura della tabella `system_language`
--

CREATE TABLE `system_language` (
  `id` int(10) UNSIGNED NOT NULL,
  `name_code` varchar(2) NOT NULL,
  `name` varchar(10) NOT NULL
) ENGINE=InnoDB DEFAULT CHARSET=utf8;

--
-- Dump dei dati per la tabella `system_language`
--

INSERT INTO `system_language` (`id`, `name_code`, `name`) VALUES
(1, 'en', 'english'),
(2, 'it', 'italiano');

--
-- Indici per le tabelle scaricate
--

--
-- Indici per le tabelle `batch`
--
ALTER TABLE `batch`
  ADD PRIMARY KEY (`id`);

--
-- Indici per le tabelle `bjcp_style`
--
ALTER TABLE `bjcp_style`
  ADD PRIMARY KEY (`id`);

--
-- Indici per le tabelle `fermentation_config`
--
ALTER TABLE `fermentation_config`
  ADD PRIMARY KEY (`id`);

--
-- Indici per le tabelle `fermentation_step`
--
ALTER TABLE `fermentation_step`
  ADD PRIMARY KEY (`id`,`step_number`);

--
-- Indici per le tabelle `fermentation_temp`
--
ALTER TABLE `fermentation_temp`
  ADD PRIMARY KEY (`timestamp`);

--
-- Indici per le tabelle `ingridient`
--
ALTER TABLE `ingridient`
  ADD PRIMARY KEY (`id`);

--
-- Indici per le tabelle `ingridient_lang`
--
ALTER TABLE `ingridient_lang`
  ADD PRIMARY KEY (`id`);

--
-- Indici per le tabelle `ingridient_yiest`
--
ALTER TABLE `ingridient_yiest`
  ADD PRIMARY KEY (`id`);

--
-- Indici per le tabelle `ingridient_yiest_family`
--
ALTER TABLE `ingridient_yiest_family`
  ADD PRIMARY KEY (`id`);

--
-- Indici per le tabelle `ingridient_yiest_subfamily`
--
ALTER TABLE `ingridient_yiest_subfamily`
  ADD PRIMARY KEY (`id`);

--
-- Indici per le tabelle `mashing_config`
--
ALTER TABLE `mashing_config`
  ADD PRIMARY KEY (`id`);

--
-- Indici per le tabelle `mashing_step`
--
ALTER TABLE `mashing_step`
  ADD PRIMARY KEY (`id`,`target_temp`);

--
-- Indici per le tabelle `mashing_temp`
--
ALTER TABLE `mashing_temp`
  ADD PRIMARY KEY (`timestamp`);

--
-- Indici per le tabelle `system_config`
--
ALTER TABLE `system_config`
  ADD PRIMARY KEY (`id`);

--
-- Indici per le tabelle `system_config_telegram_gatekeeper`
--
ALTER TABLE `system_config_telegram_gatekeeper`
  ADD PRIMARY KEY (`token`,`user_id`);

--
-- Indici per le tabelle `system_language`
--
ALTER TABLE `system_language`
  ADD PRIMARY KEY (`id`);

--
-- AUTO_INCREMENT per le tabelle scaricate
--

--
-- AUTO_INCREMENT per la tabella `batch`
--
ALTER TABLE `batch`
  MODIFY `id` int(10) UNSIGNED NOT NULL AUTO_INCREMENT, AUTO_INCREMENT=50;
--
-- AUTO_INCREMENT per la tabella `bjcp_style`
--
ALTER TABLE `bjcp_style`
  MODIFY `id` int(10) UNSIGNED NOT NULL AUTO_INCREMENT, AUTO_INCREMENT=2;
--
-- AUTO_INCREMENT per la tabella `ingridient`
--
ALTER TABLE `ingridient`
  MODIFY `id` int(10) UNSIGNED NOT NULL AUTO_INCREMENT, AUTO_INCREMENT=4;
--
-- AUTO_INCREMENT per la tabella `ingridient_yiest`
--
ALTER TABLE `ingridient_yiest`
  MODIFY `id` int(10) UNSIGNED NOT NULL AUTO_INCREMENT, AUTO_INCREMENT=33;
--
-- AUTO_INCREMENT per la tabella `ingridient_yiest_family`
--
ALTER TABLE `ingridient_yiest_family`
  MODIFY `id` int(10) UNSIGNED NOT NULL AUTO_INCREMENT, AUTO_INCREMENT=3;
--
-- AUTO_INCREMENT per la tabella `ingridient_yiest_subfamily`
--
ALTER TABLE `ingridient_yiest_subfamily`
  MODIFY `id` int(10) UNSIGNED NOT NULL AUTO_INCREMENT, AUTO_INCREMENT=11;
--
-- AUTO_INCREMENT per la tabella `system_config`
--
ALTER TABLE `system_config`
  MODIFY `id` int(10) UNSIGNED NOT NULL AUTO_INCREMENT, AUTO_INCREMENT=2;
--
-- AUTO_INCREMENT per la tabella `system_language`
--
ALTER TABLE `system_language`
  MODIFY `id` int(10) UNSIGNED NOT NULL AUTO_INCREMENT, AUTO_INCREMENT=3;
/*!40101 SET CHARACTER_SET_CLIENT=@OLD_CHARACTER_SET_CLIENT */;
/*!40101 SET CHARACTER_SET_RESULTS=@OLD_CHARACTER_SET_RESULTS */;
/*!40101 SET COLLATION_CONNECTION=@OLD_COLLATION_CONNECTION */;
